date,CC13_01_Nahrungsmittel_und_alkoholfreie_Getränke,CC13_02_Alkoholische_Getränke_und_Tabakwaren,CC13_03_Bekleidung_und_Schuhe,CC13_04_Wohnung_Wasser_Strom_Gas_und_andere_Brennstoffe,CC13_05_Möbel_Leuchten_Geräte_u.a._Haushaltszubehör,CC13_06_Gesundheit,CC13_07_Verkehr,CC13_08_Post_und_Telekommunikation,CC13_09_Freizeit_Unterhaltung_und_Kultur,CC13_10_Bildungswesen,CC13_11_Gaststätten__und_Beherbergungsdienstleistungen,CC13_12_Andere_Waren_und_Dienstleistungen
1992-01-15,3.4285714285714475,3.784860557768921,2.6252983293556076,9.719626168224305,2.8151774785801775,3.6974789915966477,7.182320441988965,6.815286624203809,3.3498759305210957,9.715639810426534,5.149501661129552,4.515050167224088
1992-02-15,3.693181818181812,4.183266932270913,2.741358760429069,9.85130111524164,3.0525030525030417,3.8525963149078635,7.550644567219167,6.815286624203809,3.4188034188034067,11.320754716981153,4.383116883116878,5.008347245409017
1992-03-15,2.824858757062154,5.367793240556673,2.7315914489311144,11.06941838649156,2.9197080291970767,4.013377926421424,8.440366972477076,6.815286624203809,3.166869671132777,10.280373831775712,4.909983633387882,5.166666666666675
1992-04-15,2.8089887640449396,5.35714285714286,2.8469750889679846,11.028037383177569,2.7912621359223344,4.173622704507518,8.34845735027223,3.8390092879256876,4.732254047322537,9.153318077803196,6.382978723404253,5.32445923460898
1992-05-15,3.08988764044944,5.555555555555558,2.7186761229314627,10.555555555555562,2.777777777777768,4.173622704507518,7.942238267148016,3.4674922600619107,3.8413878562577386,6.950672645739919,5.161290322580658,5.657237936772042
1992-06-15,2.6499302649930057,5.952380952380953,2.7186761229314627,10.536044362292053,2.6537997587454676,4.166666666666674,7.913669064748197,3.4674922600619107,3.5582822085889587,6.681514476614692,5.095541401273884,4.94233937397035
1992-07-15,1.6689847009735637,5.731225296442677,2.8368794326241176,10.294117647058831,2.7744270205066313,3.8205980066445155,3.806228373702436,-0.11918951132301459,3.3775633293124274,5.97345132743361,4.665629860031095,4.24836601307188
1992-08-15,1.4025245441795287,5.928853754940722,2.7090694935217874,10.642201834862375,2.644230769230771,3.6363636363636376,3.4482758620689724,-0.11918951132301459,3.8929440389294356,6.62251655629138,4.503105590062106,4.575163398692816
1992-09-15,1.5536723163841915,5.928853754940722,2.8169014084507005,10.60329067641681,2.5179856115107757,3.630363036303619,2.9159519725557415,-0.11918951132301459,4.289215686274517,7.407407407407396,4.754358161648176,4.885993485342022
1992-10-15,1.412429378531077,5.51181102362206,2.686915887850483,3.767123287671237,2.5149700598802394,3.630363036303619,2.9159519725557415,-0.11918951132301459,4.202719406674893,8.278867102396514,4.5958795562599075,5.348460291734192
1992-11-15,0.27932960893854997,3.076923076923088,2.677532013969719,4.2735042735042805,2.508960573476693,2.614379084967311,3.430531732418518,-0.11918951132301459,4.161566707466324,8.714596949891074,4.777070063694278,5.654281098546043
1992-12-15,0.2789400278940146,3.26923076923078,2.677532013969719,4.615384615384621,2.1428571428571352,2.777777777777768,3.6082474226803996,-0.11918951132301459,4.136253041362514,8.714596949891074,5.0793650793650835,5.654281098546043
1993-01-15,0.13812154696131174,5.566218809980805,3.023255813953485,8.858603066439507,2.619047619047632,2.1069692058346856,5.326460481099637,-0.05963029218842841,2.6410564225690214,9.503239740820746,5.529225908372837,6.879999999999997
1993-02-15,0.0,5.544933078393899,3.132250580046403,8.291032148900168,2.4881516587677677,2.741935483870983,5.650684931506866,-0.05963029218842841,2.4793388429751984,8.898305084745761,5.443234836702948,6.518282988871227
1993-03-15,0.27472527472527375,4.150943396226414,3.2369942196531776,8.783783783783793,2.4822695035461084,2.5723472668810254,5.245346869712364,-0.05963029218842841,2.4793388429751984,8.898305084745761,5.616224648985968,6.497622820919169
1993-04-15,0.136612021857907,3.9548022598870025,3.114186851211076,8.417508417508435,2.5974025974025983,2.2435897435897356,4.522613065326619,1.1926058437686349,1.7835909631391145,9.643605870020956,6.000000000000005,6.635071090047395
1993-05-15,0.13623978201633413,3.759398496240607,3.1070195627157515,8.375209380234505,2.585193889541726,2.4038461538461453,4.347826086956519,1.5559545182525447,2.2673031026253065,9.85324947589097,5.521472392638027,6.771653543307088
1993-06-15,0.13586956521740579,3.370786516853941,3.1070195627157515,8.361204013377922,2.585193889541726,2.400000000000002,4.500000000000015,1.795332136445249,2.6066350710900243,9.603340292275586,5.757575757575761,6.750392464678168
1993-07-15,0.1367989056087593,3.364485981308407,2.9885057471264354,8.333333333333325,2.464788732394352,3.0399999999999983,4.833333333333334,1.7303102625298328,2.450408401400228,10.647181628392488,5.943536404160477,7.053291536050166
1993-08-15,0.6915629322268302,3.3582089552238736,2.752293577981635,7.794361525704807,2.2248243559718883,2.8708133971291794,4.833333333333334,1.7303102625298328,3.2786885245901676,11.180124223602505,5.794947994056465,6.875000000000009
1993-09-15,0.8344923504867818,3.5447761194029814,2.6255707762557146,7.768595041322324,2.2222222222222365,2.8662420382165488,4.500000000000015,1.7899761336515496,2.585193889541726,12.170385395537519,5.446293494705001,6.36645962732918
1993-10-15,0.9749303621169991,3.5447761194029814,2.6166097838452806,8.250825082508229,2.219626168224309,3.0254777070063854,4.666666666666663,1.7899761336515496,2.2538552787663146,11.87122736418511,5.454545454545445,5.846153846153834
1993-11-15,1.1142061281337101,3.5447761194029814,2.4943310657596474,7.7049180327869005,2.0979020979021046,3.0254777070063854,4.311774461028195,1.7899761336515496,1.9976498237367801,11.422845691382765,4.863221884498481,5.657492354740046
1993-12-15,1.3908205841446364,3.351955307262555,2.6077097505669,7.352941176470584,2.2144522144522227,2.861685214626397,3.9800995024875663,1.7899761336515496,2.5700934579439227,11.623246492985984,4.380664652567967,5.963302752293553
1994-01-15,0.8275862068965356,0.9090909090909038,2.031602708803626,4.225352112676051,2.204176334106722,4.761904761904767,4.730831973898875,1.7899761336515496,1.0526315789473717,12.426035502958577,3.592814371257491,4.940119760479034
1994-02-15,0.9589041095890538,1.26811594202898,1.7997750281214753,4.218750000000004,1.965317919075149,3.7676609105180336,4.538087520259304,1.7899761336515496,1.6129032258064502,12.840466926070038,3.244837758112107,4.925373134328348
1994-03-15,1.0958904109588996,1.26811594202898,1.5677491601343796,3.881987577639756,1.9607843137254832,3.7617554858934366,3.6977491961414755,1.7899761336515496,1.2672811059907918,12.840466926070038,3.101920236336775,4.910714285714279
1994-04-15,1.2278308321964637,1.26811594202898,1.5659955257270708,4.347826086956519,1.7261219792865434,3.7617554858934366,3.525641025641013,0.5303476723629963,0.7009345794392718,10.898661567877642,1.741654571843232,4.592592592592593
1994-05-15,1.6326530612244872,1.26811594202898,1.3392857142857206,4.173106646058744,1.3745704467353903,3.5993740219092407,3.525641025641013,0.5303476723629963,1.1668611435239118,11.259541984732824,2.76162790697676,4.129793510324475
1994-06-15,1.6282225237449266,1.4492753623188248,1.3392857142857206,4.166666666666674,1.4891179839633395,3.5937499999999956,3.189792663476876,0.29394473838917357,0.9237875288683695,11.04761904761904,2.005730659025806,4.117647058823515
1994-07-15,2.1857923497267784,1.2658227848101333,1.3392857142857206,3.9999999999999813,1.4891179839633395,2.9503105590062084,2.861685214626397,0.2932551319648091,1.025056947608216,9.999999999999986,2.244039270687259,3.9531478770131745
1994-08-15,2.060439560439553,1.0830324909747224,1.3392857142857206,4.153846153846152,1.4891179839633395,2.945736434108537,3.8155802861685295,0.2932551319648091,0.6802721088435382,9.310986964618252,2.3876404494381998,3.9473684210526105
1994-09-15,2.2068965517241246,0.9009009009008917,1.5572858731924155,4.141104294478537,1.6018306636155444,3.250773993808065,3.5087719298245723,0.23446658851113966,1.7182130584192379,7.775768535262206,1.434720229555242,4.671532846715332
1994-10-15,2.34482758620691,0.9009009009008917,0.997782705099759,3.658536585365857,1.371428571428579,2.782071097372474,2.8662420382165488,0.23446658851113966,1.2761020881670415,7.194244604316546,2.7298850574712707,3.779069767441867
1994-11-15,1.9283746556473913,0.9009009009008917,0.9955752212389202,3.652968036529658,1.3698630136986356,2.9366306027820643,3.0206677265500748,0.23446658851113966,1.2672811059907918,7.194244604316546,2.3188405797101463,3.76266280752533
1994-12-15,1.6460905349794164,0.9009009009008917,0.8839779005524795,3.957382039573809,1.2542759407069504,3.091190108191655,3.5087719298245723,0.23446658851113966,1.1389521640091216,7.001795332136451,2.315484804630974,3.751803751803773
1995-01-15,2.4623803009576006,0.9009009009008917,0.9955752212389202,2.8528528528528607,1.0215664018161208,1.2121212121211977,1.5576323987538832,0.23446658851113966,1.6203703703703498,5.964912280701751,2.3121387283236983,3.708987161198296
1995-02-15,2.4423337856173566,0.17889087656530744,0.8839779005524795,2.998500749625177,1.133786848072571,1.210287443267788,1.2403100775193687,0.23446658851113966,1.2471655328798015,4.31034482758621,1.4285714285714235,3.5561877667140918
1995-03-15,2.168021680216814,0.17889087656530744,0.6615214994487362,2.9895366218236186,1.0180995475113086,1.0574018126888296,1.2403100775193687,0.23446658851113966,1.5927189988623303,4.31034482758621,1.5759312320916985,3.404255319148941
1995-04-15,1.7520215633423097,0.3577817531305927,0.5506607929515406,3.125,1.1312217194570096,1.0574018126888296,1.8575851393188847,0.23446658851113966,1.9721577726218076,4.482758620689653,2.4251069900142586,3.3994334277620553
1995-05-15,1.6064257028112428,0.7155635062611854,0.7709251101321701,2.9673590504450953,1.1299435028248483,1.0574018126888296,1.8575851393188847,-0.4689331770222682,0.46136101499423265,3.945111492281317,1.555869872701554,3.541076487252126
1995-06-15,1.2016021361815676,0.7142857142857117,0.6607929515418665,2.8148148148148255,1.1286681715575675,1.0558069381598756,2.3183925811437467,-0.4689331770222682,0.8009153318077722,3.945111492281317,1.404494382022481,3.3898305084745894
1995-07-15,0.6684491978609541,0.7142857142857117,0.6607929515418665,2.662721893491149,1.1286681715575675,1.0558069381598756,1.7001545595054068,-0.2339181286549752,1.916572717023679,4.288164665523153,0.6858710562414272,3.2394366197183055
1995-08-15,0.1345895020188559,0.7142857142857117,0.6607929515418665,3.3973412112259904,1.1286681715575675,0.6024096385542022,0.7656967840734996,-0.5263157894736858,0.9009009009008917,3.918228279386704,0.548696844993124,3.234880450070343
1995-09-15,0.0,0.7142857142857117,0.4381161007667167,3.3873343151693547,0.9009009009008917,0.2998500749625155,1.8489984591679276,-0.5263157894736858,0.33783783783782884,3.3557046979865834,1.9801980198019598,2.6499302649930057
1995-10-15,-0.26954177897574594,0.7142857142857117,0.7683863885839859,3.2352941176470695,1.1273957158962844,0.7518796992481258,2.012383900928816,-0.5263157894736858,0.8018327605956443,3.691275167785224,0.6993006993007089,3.361344537815114
1995-11-15,0.0,0.7142857142857117,0.657174151150075,3.2305433186490484,1.2387387387387427,0.6006006006006093,1.6975308641975495,-0.994152046783614,0.0,3.691275167785224,0.56657223796035,2.9288702928870203
1995-12-15,-0.13495276653170407,0.7142857142857117,0.657174151150075,3.0746705710102518,1.2387387387387427,0.4497751124437732,2.003081664098616,-0.994152046783614,0.5630630630630629,3.691275167785224,0.5657708628005631,2.642559109874809
1996-01-15,0.1335113484646211,0.7142857142857117,0.657174151150075,2.7737226277372296,1.1235955056179803,1.9461077844311392,2.300613496932513,3.2163742690058506,-0.1138952164009055,2.6490066225165476,1.412429378531077,0.9628610729023324
1996-02-15,0.13245033112581073,0.7142857142857117,0.766703176341732,2.7656477438136706,1.0089686098654571,1.943198804185342,2.4502297090352343,3.2163742690058506,0.11198208286675726,2.975206611570247,1.4084507042253502,1.098901098901095
1996-03-15,0.9283819628647105,0.8928571428571397,0.766703176341732,2.757619738751793,0.8958566629339249,1.943198804185342,2.6033690658499253,2.4561403508771784,-0.2239641657334812,3.4710743801652955,1.2693935119887145,0.9602194787379892
1996-04-15,1.059602649006619,0.7130124777183555,0.8762322015334112,2.308802308802327,0.8948545861297452,1.943198804185342,2.2796352583586588,2.280701754385972,-0.7963594994311762,3.4653465346534684,0.0,0.9589041095890538
1996-05-15,0.26350461133068936,0.355239786856143,0.6557377049180246,2.1613832853025983,0.7821229050279266,1.943198804185342,2.583586626139822,3.0035335689045928,1.148105625717566,3.7953795379537913,0.8356545961002881,0.8207934336525335
1996-06-15,0.3957783641160839,0.17730496453900457,0.7658643326039272,2.1613832853025983,0.6696428571428603,1.7910447761193993,1.6616314199395577,3.0035335689045928,0.9080590238365716,3.7953795379537913,0.969529085872578,0.6830601092896238
1996-07-15,1.0624169986719778,0.17730496453900457,0.6564551422319376,2.5936599423631135,0.6696428571428603,1.6417910447761086,2.2796352583586588,-0.644783118405623,-0.11061946902656272,3.453947368421062,1.3623978201634968,0.5457025920873271
1996-08-15,1.2096774193548265,0.17730496453900457,0.7658643326039272,1.857142857142846,0.78125,1.9461077844311392,2.4316109422492627,-0.3527336860670194,1.0044642857143016,4.426229508196733,1.3642564802182733,0.4087193460490468
1996-09-15,0.809716599190291,0.17730496453900457,0.6543075245365237,1.9943019943019724,0.78125,1.7937219730941534,2.420574886535576,-0.3527336860670194,0.8978675645342493,3.8961038961038863,1.2482662968099856,0.27173913043478937
1996-10-15,0.5405405405405572,0.17730496453900457,0.65359477124185,2.4216524216524205,0.6688963210702337,1.6417910447761086,2.73141122913505,-1.3521457965902317,0.7954545454545547,3.5598705501618255,1.5277777777777724,0.0
1996-11-15,0.40540540540541237,2.304964539007104,0.6528835690968293,2.2759601706970223,0.5561735261401468,1.6417910447761086,2.73141122913505,-1.59480212640285,0.4550625711035261,3.5598705501618255,1.4084507042253502,0.0
1996-12-15,0.8108108108108025,2.304964539007104,0.6528835690968293,2.414772727272707,0.5561735261401468,1.6417910447761086,2.26586102719033,-1.59480212640285,0.7838745800671898,4.045307443365687,1.6877637130801704,0.0
1997-01-15,1.333333333333342,2.304964539007104,0.5440696409140466,3.409090909090895,0.4444444444444473,1.90895741556536,1.799100449775115,-5.609065155807369,2.850627137970352,4.354838709677433,0.8356545961002881,2.043596730245234
1997-02-15,0.6613756613756516,2.304964539007104,0.43478260869564966,3.2577903682719622,0.33296337402886067,1.6129032258064502,1.4947683109117982,-5.609065155807369,2.796420581655479,4.173354735152501,1.388888888888884,1.7663043478260976
1997-03-15,-0.525624178712214,2.123893805309729,0.43478260869564966,2.824858757062154,0.33296337402886067,1.6129032258064502,1.7910447761193993,-4.965753424657526,2.9180695847362603,3.833865814696491,1.253481894150421,1.7663043478260976
1997-04-15,0.0,2.123893805309729,0.43431053203040193,2.8208744710860323,0.3325942350332456,1.7595307917888547,1.1887072808320909,-4.80274442538594,2.064220183486243,3.8277511961722244,1.253481894150421,1.7639077340569909
1997-05-15,1.0512483574244502,2.123893805309729,0.43431053203040193,3.1029619181946133,0.3325942350332456,1.6129032258064502,1.0370370370370363,-5.088622069754145,2.383654937570956,3.8155802861685295,1.104972375690605,1.7639077340569909
1997-06-15,1.5768725361366753,2.3008849557522026,0.32573289902282365,3.1029619181946133,0.3325942350332456,1.6129032258064502,1.3372956909361244,-5.088622069754145,1.9122609673790647,3.8155802861685295,0.9602194787379892,1.7639077340569909
1997-07-15,1.0512483574244502,2.3008849557522026,0.3260869565217428,2.668539325842678,0.3325942350332456,12.187958883994154,2.377414561664204,-2.0648967551622377,1.882613510520481,4.133545310015907,0.9408602150537515,1.7639077340569909
1997-08-15,1.4608233731739917,2.3008849557522026,0.21715526601520097,2.664796633941102,0.22148394241416902,12.187958883994154,3.264094955489605,-2.123893805309729,2.0994475138121693,3.296703296703285,0.6729475100942128,1.7639077340569909
1997-09-15,2.008032128514059,2.4778761061946986,0.43336944745395733,2.0949720670391025,0.22148394241416902,12.187958883994154,2.5110782865583436,-1.1209439528023668,1.5572858731924155,4.218750000000004,0.8219178082191636,1.6260162601626105
1997-10-15,2.2849462365591267,2.4778761061946986,0.5411255411255311,1.947148817802491,0.22148394241416902,12.334801762114544,2.3633677991137247,-0.11918951132301459,1.465614430665152,4.218750000000004,0.4103967168262779,1.7615176151761558
1997-11-15,2.826379542395707,0.17331022530329143,0.540540540540535,2.086230876216977,0.22123893805308104,12.334801762114544,1.9202363367799125,0.42016806722691147,2.491506228765572,4.218750000000004,1.2500000000000178,1.7615176151761558
1997-12-15,2.9490616621983934,0.34662045060658286,0.432432432432428,1.8030513176144458,0.22123893805308104,12.334801762114544,1.9202363367799125,0.42016806722691147,1.6666666666666607,4.043545878693644,1.2448132780083165,1.7615176151761558
1998-01-15,2.105263157894721,0.34662045060658286,0.32467532467532756,0.9615384615384581,0.33185840707963266,10.086455331412104,1.0309278350515205,0.42016806722691147,0.44345898004434225,4.327666151468312,1.104972375690605,0.1335113484646211
1998-02-15,1.8396846254927768,0.17331022530329143,0.32467532467532756,0.9602194787379892,0.33185840707963266,10.389610389610393,0.8836524300441795,0.42016806722691147,0.5440696409140466,5.084745762711851,0.8219178082191636,0.1335113484646211
1998-03-15,2.1136063408190076,0.34662045060658286,0.43290043290042934,0.9615384615384581,0.4424778761061843,10.389610389610393,0.4398826979472137,-0.7207207207207134,0.32715376226826187,5.076923076923068,0.8253094910591452,0.1335113484646211
1998-04-15,1.7038007863695803,0.34662045060658286,0.540540540540535,1.2345679012345512,0.6629834254143541,10.80691642651297,1.1747430249632984,-0.30030030030030463,0.786516853932584,4.761904761904767,2.063273727647874,0.13333333333331865
1998-05-15,1.5604681404421283,2.772963604852685,0.540540540540535,1.0943912448700521,0.773480662983439,10.96681096681098,1.026392961876832,0.0,0.44345898004434225,4.594180704441042,1.6393442622950838,0.2666666666666595
1998-06-15,1.2936610608020649,2.595155709342567,0.6493506493506329,1.0943912448700521,0.8839779005524795,10.96681096681098,1.1730205278592365,0.3012048192771122,0.5518763796909409,4.594180704441042,1.3586956521739024,0.2666666666666595
1998-07-15,0.910273081924573,2.595155709342567,0.650054171180936,1.0943912448700521,0.8839779005524795,0.13089005235600304,0.5805515239477366,0.3012048192771122,0.7608695652173925,4.427480916030535,1.331557922769644,0.40000000000000036
1998-08-15,0.654450261780104,2.768166089965396,0.5417118093174356,0.8196721311475308,0.8839779005524795,0.2617801047120283,-0.5747126436781436,0.3616636528028794,0.6493506493506329,4.407294832826758,2.0053475935828846,0.5333333333333412
1998-09-15,0.3937007874015741,2.590673575129543,0.4314994606256617,1.0943912448700521,0.8839779005524795,0.2617801047120283,-0.5763688760807018,-1.3723150357995095,0.766703176341732,3.598200899550208,1.3586956521739024,0.6666666666666599
1998-10-15,0.0,2.590673575129543,0.21528525296015122,0.6821282401091366,0.8839779005524795,0.2614379084967311,-0.43290043290042934,-2.028639618138428,1.1111111111111072,3.8980509745127456,1.4986376021798309,0.7989347536617952
1998-11-15,0.0,2.941176470588247,0.43010752688172893,0.5449591280653809,0.8830022075055233,0.5228758169934622,0.0,-1.8529587567244654,0.773480662983439,5.997001499250376,1.5089163237311354,0.7989347536617952
1998-12-15,-0.390625,2.590673575129543,0.5382131324004336,0.4087193460490468,0.8830022075055233,0.5228758169934622,-0.14492753623187582,-2.1518230723251763,0.0,5.68011958146486,1.5027322404371546,0.7989347536617952
1999-01-15,-0.5154639175257603,2.4179620034542326,0.4314994606256617,0.5442176870748439,0.7717750826901959,-3.010471204188492,0.1457725947521915,-8.906156604901383,0.6622516556291425,5.185185185185182,1.3661202185792254,1.333333333333342
1999-02-15,-0.3870967741935405,2.595155709342567,0.4314994606256617,0.40760869565219515,0.7717750826901959,-3.26797385620915,0.5839416058394331,-9.384339509862528,0.21645021645020357,4.692082111436946,1.2228260869565188,1.6000000000000014
1999-03-15,-0.2587322121604174,2.4179620034542326,0.4310344827586299,0.6802721088435382,0.6607929515418665,-3.26797385620915,0.7299270072992803,-7.320024198427111,0.43478260869564966,4.538799414348471,1.6371077762619368,1.6000000000000014
1999-04-15,-0.3865979381443285,2.4179620034542326,0.21505376344086446,1.2195121951219523,0.4390779363337094,-3.771131339401823,2.1770682148040565,-9.036144578313255,0.557413600891854,4.692082111436946,0.9433962264151052,1.7310252996005415
1999-05-15,-1.0243277848911658,0.1686340640809414,0.3225806451612856,1.0825439783491264,0.43859649122806044,-3.771131339401823,1.741654571843232,-9.216867469879519,0.0,4.538799414348471,1.3440860215053752,1.8617021276595702
1999-06-15,-1.7879948914431565,0.0,0.21505376344086446,1.2178619756427533,0.3285870755750153,-3.6410923276983254,2.608695652173898,-10.390390390390403,-0.1097694840834218,4.538799414348471,1.3404825737265424,1.8617021276595702
1999-07-15,-1.8041237113401998,0.0,0.21528525296015122,1.4884979702300294,0.3285870755750153,-3.1372549019607954,2.741702741702756,-10.390390390390403,0.8629989212513456,4.532163742690054,1.182654402102501,1.726427622841964
1999-08-15,-1.950585175552666,-0.16835016835017313,0.21551724137931494,1.6260162601626105,0.21905805038335835,-3.1331592689294974,3.9017341040462394,-10.510510510510507,0.0,3.9301310043668103,1.3106159895150737,1.591511936339507
1999-09-15,-1.8300653594771288,-0.16835016835017313,0.21482277121374072,1.6238159675236563,0.21905805038335835,-3.1331592689294974,4.202898550724643,-9.86085904416214,-0.21739130434782483,4.05209840810421,1.2064343163538993,1.4569536423840956
1999-10-15,-1.576872536136642,1.5151515151515138,0.3222341568206444,1.6260162601626105,0.21905805038335835,-3.25945241199479,4.7826086956521685,-9.37880633373933,-0.5494505494505475,3.751803751803773,1.2080536912751683,1.5852047556142779
1999-11-15,-1.963350785340312,1.5126050420168013,0.21413276231261325,1.7615176151761558,0.1094091903719896,-3.5110533159948054,4.347826086956519,-9.43970767356882,0.5482456140350811,2.121640735502117,0.9459459459459474,1.7173051519154603
1999-12-15,-1.8300653594771288,1.5151515151515138,0.10706638115631772,2.170963364993206,0.1094091903719896,-3.5110533159948054,5.370101596516674,-9.16310323762981,0.9836065573770592,2.121640735502117,1.211305518169592,1.9815059445178251
2000-01-15,-1.943005181347146,1.6863406408094361,0.21482277121374072,2.3004059539918575,0.1094091903719896,-0.13495276653170407,6.695778748180481,-2.4278215223097255,0.6578947368421018,1.9718309859154903,1.0781671159029615,2.368421052631575
2000-02-15,-1.4248704663212597,1.6863406408094361,0.0,2.706359945872805,0.1094091903719896,0.0,6.3860667634252355,-5.870712401055411,-0.10799136069113979,1.680672268907557,1.6107382550335503,2.2309711286089273
2000-03-15,-1.945525291828798,1.6863406408094361,0.10729613733904131,2.83783783783782,0.2188183807439792,0.0,7.5362318840579645,-9.20365535248041,-0.8658008658008809,1.8207282913165201,1.2080536912751683,2.2309711286089273
2000-04-15,-1.681759379042691,1.6863406408094361,0.21459227467810482,2.008032128514059,0.10928961748633004,0.13513513513512265,4.545454545454519,-8.94039735099338,1.6629711751662946,1.8207282913165201,0.8010680907877044,2.2251308900523403
2000-05-15,-1.2936610608020649,1.5151515151515138,0.0,2.409638554216853,-0.21834061135369565,0.2702702702702675,4.707560627674767,-10.816191108161899,0.11037527593820151,1.540616246498594,-0.3978779840848934,2.088772845953013
2000-06-15,-0.7802340702210753,1.6863406408094361,0.0,2.4064171122994527,-0.21834061135369565,0.13495276653172628,5.932203389830515,-11.997319034852527,0.659340659340657,1.540616246498594,0.2645502645502784,2.2193211488250597
2000-07-15,-0.2624671916010568,1.6863406408094361,-0.10741138560687036,2.400000000000002,-0.10917030567685337,0.26990553306343035,5.477528089887618,-12.533512064343155,-0.21390374331551332,1.3986013986013957,1.298701298701288,2.349869451697151
2000-08-15,-0.13262599469496816,1.6863406408094361,-0.3225806451612856,2.533333333333343,-0.10928961748633004,0.13477088948785632,4.033379694019468,-13.892617449664424,-0.5376344086021501,1.9607843137254832,0.7761966364812523,2.610966057441244
2000-09-15,-0.13315579227695107,1.8549747048903997,0.1071811361200492,3.462050599201083,0.0,0.26954177897573484,5.2851182197496405,-14.228187919463087,0.0,1.8080667593880273,-0.13245033112582183,2.872062663185382
2000-10-15,0.0,0.3316749585406287,0.21413276231261325,3.600000000000003,0.0,0.5390835579514697,3.734439834024905,-14.314516129032262,0.33149171270718814,1.8080667593880273,0.3978779840848823,2.860858257477239
2000-11-15,0.5340453938584622,1.1589403973510048,0.10683760683760646,3.7283621837550074,0.0,0.5390835579514697,4.583333333333339,-14.256893073301946,-1.4176663031624792,1.5235457063711877,0.9370816599732379,2.7272727272727115
2000-12-15,0.9320905459387463,1.326699834162537,0.21390374331551332,3.45285524568395,0.0,0.5390835579514697,3.1680440771350016,-14.256893073301946,4.220779220779214,1.5235457063711877,5.053191489361697,2.590673575129543
2001-01-15,1.7173051519154603,1.326699834162537,0.2143622722400984,3.3068783068783025,0.10928961748633004,1.08108108108107,2.3192360163710735,-14.189643577673161,-0.5446623093681935,1.5193370165745845,1.6000000000000014,2.956298200514129
2001-02-15,1.5768725361366753,1.9900497512437942,0.21482277121374072,3.162055335968361,0.3278688524590123,1.3513513513513598,4.092769440654842,-10.651716888577422,0.108108108108107,1.377410468319562,1.4531043593130732,3.080872913992283
2001-03-15,3.3068783068783025,2.1558872305140975,0.5359056806002238,2.890932982917227,0.3275109170305823,1.3513513513513598,2.8301886792452713,-9.777138749101367,0.3275109170305823,1.2379642365887067,1.3262599469495928,3.3376123234916566
2001-04-15,4.210526315789487,1.9900497512437942,0.6423982869379063,3.0183727034120755,0.4366812227074357,1.3495276653171295,4.483695652173925,-8.945454545454545,0.10905125408942062,1.1004126547455195,1.192052980132452,3.0729833546734975
2001-05-15,5.6356487549148016,2.1558872305140975,0.9646302250803984,2.7450980392156765,0.8752735229759168,1.3477088948786964,5.9945504087193235,-6.91964285714286,0.6615214994487362,1.51724137931033,1.8641810918775148,3.196930946291565
2001-06-15,6.0288335517693525,2.321724709784423,0.9656652360514828,2.872062663185382,0.9846827133479064,1.3477088948786964,3.066666666666662,-4.798172124904809,0.3275109170305823,1.51724137931033,2.242744063324542,3.065134099616862
2001-07-15,5.921052631578938,2.321724709784423,0.8602150537634357,2.604166666666674,0.8743169398907069,1.4804845222072816,2.130492676431439,-3.831417624521072,0.3215434083601254,1.6551724137931156,2.051282051282044,3.1887755102040893
2001-08-15,5.179282868525914,2.321724709784423,0.8629989212513456,2.730819245773719,1.0940919037199182,1.4804845222072816,2.1390374331550888,-2.1823850350740526,0.756756756756749,1.236263736263754,2.0539152759948553,3.053435114503822
2001-09-15,5.333333333333323,2.1523178807947074,0.8565310492505418,1.9305019305019266,1.0928961748633892,1.3440860215053752,1.1889035667106862,-1.7996870109546093,0.8714596949890963,1.0928961748633892,2.3872679045092715,3.1725888324872997
2001-10-15,5.607476635513997,1.983471074380172,1.0683760683760646,1.5444015444015413,1.0928961748633892,1.3404825737265424,1.0666666666666602,-1.4117647058823457,1.1013215859030812,1.0928961748633892,2.1136063408190076,2.6548672566371723
2001-11-15,4.515272244355928,1.1456628477904962,1.2806830309498363,1.1553273427471034,1.3114754098360715,1.3404825737265424,0.0,-1.4901960784313717,1.327433628318575,0.9549795361528002,2.5198938992042397,2.7812895069532217
2001-12-15,4.353562005277034,1.1456628477904962,1.2806830309498363,0.8985879332477298,1.4207650273224015,1.3404825737265424,0.8010680907877044,-1.4901960784313717,1.1422637590861928,0.9549795361528002,2.4050632911392533,2.77777777777779
2002-01-15,5.714285714285716,4.418985270049092,1.497326203208571,1.2804097311139628,1.5283842794759916,1.0695187165775444,1.73333333333332,-1.5673981191222541,1.3143483023001057,2.0408163265306145,3.937007874015741,2.4968789013732895
2002-02-15,4.915912031047864,3.7398373983739797,1.5005359056806,1.1494252873563315,1.4161220043573008,0.9333333333333416,0.5242463958060384,0.23529411764706687,1.1879049676025932,2.309782608695654,3.90625,2.241594022415927
2002-03-15,3.5851472471190915,3.5714285714285587,1.279317697228155,1.4048531289910793,1.4145810663764857,1.0666666666666602,1.572739187418093,1.6733067729083562,1.6322089227421177,2.44565217391306,4.188481675392652,1.9875776397515477
2002-04-15,2.020202020202011,3.7398373983739797,1.1702127659574346,1.146496815286624,1.304347826086949,0.9320905459387463,1.820546163849146,1.9968051118210761,-0.21786492374727962,2.5850340136054584,3.27225130890052,2.111801242236022
2002-05-15,0.12406947890819531,3.5714285714285587,0.7430997876857859,1.0178117048346147,0.9761388286333883,0.9308510638297962,0.385604113110527,2.6378896882494063,1.533406352683464,2.44565217391306,4.313725490196085,1.9826517967781898
2002-06-15,-0.9888751545117591,3.7277147487844386,0.8501594048884398,0.7614213197969733,0.8667388949079147,0.9308510638297962,1.0349288486416475,2.8000000000000025,0.8705114254624613,2.5815217391304435,4.0000000000000036,1.9826517967781898
2002-07-15,-1.1180124223602594,3.889789303079394,0.31982942430703876,0.7614213197969733,0.8667388949079147,0.3978779840848823,1.9556714471968606,2.549800796812729,1.1752136752136932,2.4423337856173566,3.643216080402012,2.1013597033374465
2002-08-15,-0.5050505050505083,4.051863857374394,0.5347593582887722,0.5063291139240533,0.6493506493506329,0.6631299734747964,2.3560209424083656,2.1513944223107373,0.7510729613734002,2.849389416553594,3.2704402515723263,1.975308641975304
2002-09-15,-0.5063291139240533,4.051863857374394,0.7430997876857859,0.37878787878786735,0.648648648648642,0.6631299734747964,2.2193211488250597,2.1513944223107373,0.5399568034557323,2.83783783783782,3.3678756476683835,1.7220172201722006
2002-10-15,-1.0113780025284402,3.889789303079394,0.42283298097252064,0.8871989860582907,0.648648648648642,0.2645502645502784,3.693931398416872,1.9888623707239317,0.43572984749455923,3.1081081081081097,3.363518758085382,1.724137931034475
2002-11-15,-0.7623888182973437,4.045307443365687,0.0,0.8883248730964466,0.5393743257820827,0.3968253968254176,3.3200531208499307,1.671974522292996,-0.10917030567685337,3.1081081081081097,3.363518758085382,1.5990159901599021
2002-12-15,-1.0113780025284402,4.045307443365687,-0.42149631190727677,1.2722646310432628,0.4310344827586299,0.3968253968254176,3.443708609271523,1.8312101910828105,-0.30800821355236874,3.1081081081081097,3.213844252163156,1.474201474201453
2003-01-15,-2.825552825552835,4.858934169279006,-1.2644889357218192,1.5170670037926604,0.3225806451612856,0.3968253968254176,4.062909567496731,1.5923566878981,-0.540540540540535,1.8666666666666831,1.262626262626254,1.461632155907444
2003-02-15,-1.8495684340320562,5.4858934169278895,-0.5279831045406524,1.6414141414141437,0.3222341568206444,0.39630118890356947,4.30247718383312,0.3129890453833939,-0.4268943436499528,1.4608233731739917,1.0025062656641603,1.5834348355663996
2003-03-15,-1.359703337453655,5.4858934169278895,-0.21052631578947212,1.6372795969773257,0.21459227467810482,0.26385224274407815,3.2258064516129004,0.4702194357366629,-0.7494646680942241,2.1220159151193574,0.628140703517599,1.5834348355663996
2003-04-15,-0.990099009900991,5.4858934169278895,-0.6309148264984188,1.3853904282115748,0.32188841201716833,0.13192612137205018,1.532567049808442,0.6264682850430692,0.8733624454148492,2.2546419098143033,1.7743979721165815,1.5815085158150888
2003-05-15,-0.7434944237918351,5.4858934169278895,-0.737618545837726,1.3853904282115748,0.42964554242750363,0.0,0.8962868117797784,0.07788161993769194,-1.1866235167206085,2.3872679045092715,0.3759398496240518,1.7010935601458055
2003-06-15,0.24968789013732895,5.312500000000009,-1.1591148577450028,1.3853904282115748,0.42964554242750363,0.0,1.5364916773367598,0.0,-0.4314994606256839,2.251655629139071,0.3722084367245859,1.7010935601458055
2003-07-15,0.2512562814070307,5.304212168486755,-1.2752391073326153,1.3853904282115748,0.42964554242750363,0.39630118890356947,1.662404092071612,-0.2331002331002252,-1.372756071805703,2.9139072847682135,0.48484848484848797,1.3317191283293006
2003-08-15,0.2538071065989911,5.1401869158878455,-1.5957446808510634,1.5113350125944391,0.43010752688172893,0.26350461133068936,2.3017902813299296,0.07800312012482546,0.0,2.242744063324542,0.9744214372716442,1.4527845036319542
2003-09-15,1.0178117048346147,5.295950155763229,-0.5268703898840932,1.383647798742138,0.3222341568206444,0.26350461133068936,1.6602809706258048,1.4820592823713064,-0.3222341568206222,2.1024967148489004,1.1278195488721776,1.8137847642079707
2003-10-15,1.4048531289910793,5.460218408736339,-0.42105263157895534,1.5075376884422065,0.3222341568206444,0.5277044854881341,1.1450381679389388,1.4820592823713064,-0.7592190889370909,1.9659239842725995,1.001251564455563,2.058111380145289
2003-11-15,1.5364916773367598,5.132192846034211,-0.31612223393046035,1.7610062893081757,0.10729613733904131,0.5270092226613787,1.9280205655527016,1.4878621769772948,-0.7650273224043769,2.0969855832241313,0.25031289111387967,2.058111380145289
2003-12-15,1.4048531289910793,5.132192846034211,-0.5291005291005346,1.633165829145744,0.10729613733904131,0.6587615283267567,1.6645326504481472,0.703674745895233,-1.2358393408856694,2.0969855832241313,0.3592814371257358,2.058111380145289
2004-01-15,1.2642225031605614,0.8968609865470656,-0.6403415154749292,1.1207970112079746,0.0,16.864295125164674,0.5037783375314797,0.8620689655172376,-1.6304347826086918,3.5340314136125484,0.4987531172069737,1.5606242496998712
2004-02-15,0.2512562814070307,0.4457652303120341,-1.3800424628450103,0.8695652173912993,-0.4282655246252709,16.710526315789487,0.0,0.23400936037443199,-1.1789924973204635,3.795811518324599,0.496277915632759,1.7985611510791255
2004-03-15,0.0,7.578008915304624,-0.7383966244725815,0.867410161090465,-0.3211991434689643,16.710526315789487,0.24999999999999467,0.31201248049923525,-1.4023732470334394,2.9870129870129825,0.7490636704119868,1.7985611510791255
2004-04-15,-0.2500000000000058,7.578008915304624,-0.4232804232804255,1.2422360248447228,-0.42780748663102663,19.49934123847168,2.1383647798742134,-0.23346303501946553,-1.2987012987012991,2.853437094682243,0.6226650062266526,1.6766467065868262
2004-05-15,-0.24968789013731785,7.578008915304624,-0.5307855626326963,1.4906832298136719,-0.5347593582887722,19.49934123847168,4.0609137055837685,-0.6225680933852118,-0.7641921397379736,2.720207253885998,0.998751560549338,1.5531660692950977
2004-06-15,-0.24906600249066102,7.41839762611276,-0.4264392324093702,1.4906832298136719,-0.10695187165774556,19.49934123847168,2.9003783102143688,-0.7782101167315147,-1.0834236186348822,2.720207253885998,0.9888751545117369,1.5531660692950977
2004-07-15,-0.12531328320801727,7.259259259259276,-0.9687836383207804,1.6149068322981242,-0.10695187165774556,20.394736842105267,3.1446540880503138,-0.7009345794392607,-0.9635974304068595,2.5740025740025763,0.6031363088057962,1.6726403823177804
2004-08-15,-0.12658227848100223,7.407407407407418,-0.216216216216214,1.7369727047146455,-0.10706638115632883,20.36793692509855,3.125,-0.7794232268121704,-0.6389776357827559,2.9677419354838586,0.6031363088057962,1.5513126491646823
2004-09-15,-1.2594458438287104,7.24852071005917,-1.0593220338983023,1.8610421836228186,-0.21413276231263545,20.36793692509855,2.88944723618092,-2.305918524212147,-1.2931034482758674,3.603603603603589,0.743494423791824,1.187648456057011
2004-10-15,-1.385390428211597,7.24852071005917,-1.0570824524312905,2.2277227722772297,-0.3211991434689643,20.34120734908136,4.150943396226414,-2.305918524212147,-0.43715846994536456,3.8560411311054033,0.6195786864931829,0.5931198102016699
2004-11-15,-1.261034047919296,7.24852071005917,-0.8456659619450302,1.8541409147095234,-0.3215434083601254,20.31454783748361,3.1525851197982346,-2.1604938271604923,-0.770925110132159,3.7227214377406836,0.8739076154806513,0.8303677342823335
2004-12-15,-0.5037783375314908,14.349112426035514,-0.7446808510638281,1.8541409147095234,-0.3215434083601254,20.15706806282722,2.1410579345088054,-1.7080745341615078,0.31282586027110426,3.7227214377406836,1.5513126491646823,0.8303677342823335
2005-01-15,-1.1235955056179692,14.518518518518508,-2.0408163265306034,1.9704433497536922,-0.3215434083601254,3.945885005636973,2.7568922305764465,-1.1655011655011593,-0.33149171270717703,2.149178255372952,0.3722084367245859,1.0638297872340496
2005-02-15,0.25062656641603454,14.201183431952668,-1.829924650161463,2.2167487684729092,0.0,3.945885005636973,2.750000000000008,-1.1673151750972721,-0.5422993492407824,2.2698612862547263,0.37037037037037646,0.7067137809187107
2005-03-15,0.7518796992481258,6.629834254143652,-1.2752391073326153,2.4570024570024662,-0.10741138560687036,3.945885005636973,3.6159600997506036,-1.3219284603421366,0.547045951859948,2.395964691046659,0.4956629491945419,0.8244994110718329
2005-04-15,0.25062656641603454,6.629834254143652,-1.2752391073326153,2.5766871165644023,0.0,1.6538037486218293,3.325123152709364,-1.3260530421216776,-2.6315789473684292,2.395964691046659,-0.7425742574257321,0.9422850412249772
2005-05-15,0.3754693366708306,6.629834254143652,-1.6008537886872953,2.325581395348819,0.0,1.6538037486218293,2.3170731707317094,-1.0180109631949819,-0.8800880088008944,2.522068095838592,0.3708281829418958,0.9411764705882231
2005-06-15,0.0,6.767955801104963,-2.1413276231263434,2.8151774785801775,-0.4282655246252709,1.6538037486218293,3.431372549019618,-0.9411764705882342,-1.642935377875132,2.522068095838592,-0.2447980416156681,0.9411764705882231
2005-07-15,-0.5018820577164407,6.767955801104963,-2.826086956521734,3.0562347188264116,-0.6423982869379063,0.8743169398907069,4.268292682926833,-1.4117647058823457,-0.648648648648642,2.0075282308657405,0.5995203836930418,0.7050528789659394
2005-08-15,-0.38022813688214363,6.620689655172418,-3.1419284940411574,3.0487804878048808,-0.5359056806002127,0.7641921397379958,4.1212121212121255,-1.649646504320501,-1.1789924973204635,1.8796992481203034,0.5995203836930418,0.8225616921269108
2005-09-15,0.25510204081631294,10.344827586206895,-1.4989293361884481,3.2886723507917104,-0.42918454935623185,0.8733624454148492,6.349206349206327,-2.281667977970092,-1.2008733624454093,1.3664596273291751,0.12300123001232066,0.0
2005-10-15,0.0,10.344827586206895,-0.961538461538447,3.14769975786926,-0.537056928034374,0.7633587786259666,5.072463768115942,-2.8324154209284025,-0.7683863885839637,1.2376237623762387,-0.49261083743843415,0.70754716981134
2005-11-15,0.3831417624521105,10.206896551724153,-1.1727078891257903,3.2766990291261955,-0.21505376344086446,0.7625272331154731,4.400977995110034,-3.2334384858044074,-0.4439511653718031,1.2376237623762387,-0.12376237623761277,0.7058823529411784
2005-12-15,0.37974683544304,3.363518758085382,-1.8220793140407365,3.398058252427183,-0.21505376344086446,0.7625272331154731,5.5487053020961685,-3.4755134281200584,-3.014553014553023,1.3613861386138737,0.1175088131609936,0.7058823529411784
2006-01-15,1.262626262626254,3.1047865459249646,-2.1929824561403466,3.7439613526570215,-0.5376344086021501,0.5422993492407713,5.243902439024395,-4.245283018867929,-0.77605321507761,0.8663366336633782,0.24721878862792313,0.9356725146198785
2006-02-15,0.749999999999984,3.1088082901554293,-1.4254385964912242,3.7349397590361377,-0.3225806451612856,0.433839479392617,4.987834549878345,-4.251968503937009,-0.4362050163576936,0.9864364981504448,1.2300123001230068,1.1695906432748648
2006-03-15,-0.12437810945274963,3.2383419689119064,-0.9687836383207804,3.3573141486810565,-0.10752688172042113,0.5422993492407713,3.8507821901323736,-4.255319148936176,-1.5233949945593128,1.1083743842364324,0.2466091245376223,1.0514018691588856
2006-04-15,1.0000000000000009,3.2383419689119064,-0.753498385360607,3.4688995215311103,-0.21482277121374072,0.5422993492407713,4.648390941597125,-4.268774703557321,1.4639639639639546,1.1083743842364324,1.3715710723191998,0.933488914819125
2006-05-15,1.3715710723191998,3.2383419689119064,-0.4338394793926281,3.5885167464114742,-0.10752688172042113,0.6507592190889255,4.886769964243132,-4.351265822784811,-1.3318534961154094,1.1070110701107083,0.738916256157629,0.932400932400923
2006-06-15,1.4981273408239737,3.2341526520051733,-0.7658643326039383,3.214285714285725,-0.3225806451612856,0.5422993492407713,4.8578199052132565,-4.354711005542356,-0.11135857461024301,1.1070110701107083,1.9631901840490684,1.0489510489510634
2006-07-15,2.1437578814627933,3.2341526520051733,-0.5592841163310935,2.9655990510083052,-0.21551724137931494,0.43336944745395733,4.210526315789465,-4.534606205250602,-0.21762785636562088,1.3530135301353052,1.4302741358760196,1.2835472578763163
2006-08-15,3.053435114503822,3.363518758085382,-1.0067114093959773,2.8402366863905293,-0.3232758620689613,0.3250270855904569,3.143189755529674,-4.392971246006394,-1.0845986984815648,1.9680196801968197,0.9535160905840279,1.1655011655011593
2006-09-15,3.5623409669211403,-0.12499999999999734,-0.3260869565217317,2.358490566037741,-0.21551724137931494,0.32467532467532756,-0.3444316877152631,-3.864734299516903,-0.5524861878453025,2.573529411764719,1.228501228501222,1.9953051643192499
2006-10-15,3.4482758620689724,3.0000000000000027,0.10787486515642097,2.1126760563380254,0.0,0.43290043290042934,-0.6896551724137834,-3.4008097165991957,-0.553097345132747,2.444987775061125,1.3613861386138737,1.7564402810304358
2006-11-15,3.435114503816794,3.254067584480591,0.0,2.2326674500587673,0.21551724137931494,0.324324324324321,0.936768149882905,-3.0969845150774167,-0.6688963210702448,2.5672371638141955,1.8587360594795488,2.102803738317771
2006-12-15,3.0264817150063017,3.254067584480591,1.2008733624454315,2.1126760563380254,0.21551724137931494,0.324324324324321,0.9345794392523477,-2.864157119476274,-0.4287245444801635,2.4420024420024333,1.2910798122065748,2.219626168224309
2007-01-15,2.9925187032418865,4.015056461731503,1.3452914798206317,1.8626309662397977,0.756756756756749,0.8629989212513456,1.969872537659323,-1.1494252873563093,-0.11173184357541333,3.5582822085889587,2.4660912453760897,2.3174971031286296
2007-02-15,2.481389578163773,4.145728643216096,1.3348164627363657,1.8583042973286945,0.5393743257820827,0.9719222462203136,2.4333719582850577,-1.2335526315789491,0.21905805038335835,3.0525030525030417,2.1871202916160293,2.3121387283236983
2007-03-15,2.6151930261519407,4.015056461731503,0.9782608695652284,1.8561484918793392,0.43057050592032464,1.0787486515641875,3.5921205098493836,-1.152263374485596,0.22099447513812542,3.0450669914738215,2.7060270602706105,2.6589595375722475
2007-04-15,3.3415841584158557,4.015056461731503,1.0845986984815648,1.6184971098266,0.6458557588805203,1.1866235167206085,2.9612756264236983,-0.9909165978530088,0.0,30.816077953714995,2.829028290282909,2.8901734104046284
2007-05-15,2.337023370233715,4.140526976160608,0.65359477124185,1.5011547344111031,0.8611410118406937,0.969827586206895,3.0681818181818254,-0.9098428453267249,1.1248593925759387,30.77858880778588,2.933985330073363,2.6558891454965483
2007-06-15,2.7060270602706105,4.010025062656641,1.3230429988974723,1.6147635524798032,1.0787486515641875,1.1866235167206085,2.7118644067796627,-1.3245033112582738,-0.4459308807134965,30.77858880778588,2.4067388688327362,2.5374855824682907
2007-07-15,3.0864197530864113,4.135338345864659,1.237345331833506,1.7281105990783363,1.2958963282937441,1.5102481121898492,2.4691358024691468,-1.1666666666666714,0.5452562704471031,30.46116504854368,2.820211515863691,2.5345622119815614
2007-08-15,3.2098765432098775,4.005006257822252,1.6949152542372836,1.7261219792865434,1.4054054054054133,1.5118790496760237,2.3702031602709006,-1.0025062656641603,0.5482456140350811,30.518697225572964,2.951593860684776,2.6497695852534475
2007-09-15,3.1941031941031817,4.005006257822252,1.8538713195201728,2.073732718894017,1.7278617710583255,1.4023732470334282,4.953917050691237,-0.9212730318257978,0.6666666666666599,28.91278375149342,3.2766990291261955,2.5316455696202445
2007-10-15,5.802469135802468,0.9708737864077666,1.6163793103448176,2.0689655172413834,1.8358531317494542,1.400862068965525,5.208333333333326,-1.173512154233014,0.11123470522802492,33.89021479713605,3.0525030525030417,2.5316455696202445
2007-11-15,6.888068880688825,1.3333333333333197,1.8338727076591121,2.5287356321839205,1.7204301075268713,1.5086206896551824,7.656612529002316,-1.0933557611438327,0.33670033670034627,33.730631704409994,2.676399026763998,2.2883295194507935
2007-12-15,6.976744186046524,1.3333333333333197,0.7551240560949246,2.5287356321839205,1.7204301075268713,1.400862068965525,6.134259259259256,-1.1794439764111209,0.6458557588805203,33.61144219308698,2.780996523754342,2.1714285714285797
2008-01-15,7.2639225181598155,1.0856453558504064,0.5530973451327359,2.6285714285714246,1.5021459227467782,1.6042780748663166,4.886363636363633,-2.9900332225913706,-0.22371364653244186,33.53080568720379,2.166064981949467,2.0385050962627327
2008-02-15,7.384987893462491,1.4475271411338753,1.4270032930845389,2.73660205245152,1.716738197424883,1.497326203208571,4.2986425339366585,-3.080766028309734,-0.7650273224043769,34.36018957345972,2.2592152199762294,2.033898305084736
2008-03-15,8.252427184466015,1.2062726176115701,0.8611410118406937,2.9612756264236983,1.8220793140407254,1.067235859124871,4.5861297539149914,-3.3305578684429626,0.4410143329658167,34.04255319148937,3.3532934131736525,1.8018018018018056
2008-04-15,7.18562874251496,1.8094089264173663,0.6437768240343367,3.1854379977246827,1.7112299465240621,1.3859275053304865,3.539823008849541,-3.252710592160135,-2.219755826859049,5.959031657355673,1.7942583732057482,1.6853932584269593
2008-05-15,7.572115384615374,1.8072289156626509,0.5411255411255311,3.8680318543799608,1.387406616862319,1.707577374599789,4.851157662624028,-3.5893155258764575,-0.5561735261401579,5.953488372093019,2.0190023752969077,2.0247469066366763
2008-06-15,7.18562874251496,2.2891566265060392,0.21762785636560977,3.9727582292849117,1.2806830309498363,1.9189765458422103,5.610561056105601,-3.691275167785235,0.11198208286675726,5.953488372093019,2.1151586368977737,2.0247469066366763
2008-07-15,7.425149700598799,2.2864019253911128,-0.7777777777777772,4.190260475651186,1.279317697228155,1.8065887353878818,5.914567360350498,-3.2883642495784127,0.0,5.953488372093019,2.0571428571428463,1.9101123595505642
2008-08-15,6.9377990430622205,2.4067388688327362,1.333333333333342,3.8461538461538325,1.5991471215351716,1.9148936170212627,4.630650496141131,-3.6286919831223563,0.32715376226826187,3.512014787430684,2.2935779816513735,1.7957351290684764
2008-09-15,6.190476190476191,2.4067388688327362,0.9635974304068373,3.8374717832957206,1.3800424628449992,1.9148936170212627,4.390779363336983,-3.7193575655114053,0.11037527593820151,2.9657089898053712,2.1151586368977737,1.7957351290684764
2008-10-15,4.3173862310385,2.4038461538461453,1.0604453870625585,3.8288288288288452,1.4846235418876086,1.7003188097768351,2.310231023102305,-3.562340966921118,0.22222222222223476,-3.9215686274509887,2.843601895734582,1.9079685746352437
2008-11-15,1.9562715765247374,1.9138755980861344,0.6355932203389703,3.139013452914785,1.2684989429175397,1.698513800424628,-2.2629310344827513,-3.2312925170068008,1.230425055928408,-3.9215686274509887,2.014218009478652,1.6778523489932917
2008-12-15,1.9450800915331579,1.9138755980861344,0.6423982869379063,2.4663677130044803,1.374207188160681,1.9128586609989506,-2.726281352235549,-3.239556692242107,1.2834224598930577,-3.8358608385370196,2.5930101465614364,1.6778523489932917
2009-01-15,1.0158013544018019,1.7899761336515496,0.8800880088008833,2.4498886414253906,1.2684989429175397,0.8421052631578885,-2.708559046587211,-2.996575342465757,1.2331838565022402,-4.170363797692989,3.062426383981154,1.3318534961154205
2009-02-15,1.014656144306647,1.5457788347205792,1.406926406926412,2.219755826859049,1.5822784810126667,1.0537407797681864,-1.95227765726681,-2.8350515463917647,1.7621145374449476,-4.5855379188712515,2.9069767441860517,1.218161683277974
2009-03-15,-0.11210762331839152,1.9070321811680557,1.4941302027748016,1.7699115044247815,1.684210526315777,1.372756071805692,-3.6363636363636376,-2.84237726098191,0.658616904500553,-4.938271604938283,1.5063731170336103,1.2168141592920234
2009-04-15,-0.7821229050279377,1.3033175355450233,1.5991471215351716,1.1025358324145529,1.682439537329139,1.4721345951629994,-2.777777777777768,-2.6724137931034453,4.313280363223626,-5.360281195079086,2.820211515863691,1.3259668508287303
2009-05-15,-1.229050279329602,1.3017751479289963,1.7222820236813652,0.3285870755750153,1.8947368421052602,1.2591815320041944,-3.785488958990535,-2.510822510822519,1.9015659955257114,-5.3555750658472405,2.677532013969719,1.3230429988974723
2009-06-15,-0.893854748603351,3.415783274440498,1.4115092290988285,0.21834061135370675,2.3182297154899834,0.9414225941422716,-3.4374999999999933,-2.0034843205574915,1.6778523489932917,-5.267778753292363,2.3014959723820505,1.2127894156560126
2009-07-15,-2.2296544035674493,3.294117647058825,1.1198208286674172,-0.5434782608695676,2.1052631578947434,0.8350730688935215,-4.860392967942095,-2.005231037489097,1.8438177874186668,-5.267778753292363,2.1276595744680993,1.4332965821389099
2009-08-15,-2.796420581655479,3.525264394829608,1.4254385964912242,-0.21786492374727962,1.8887722980063026,0.8350730688935215,-1.8967334035827288,-1.7513134851138368,2.1739130434782705,-5.089285714285719,1.681614349775784,1.6538037486218293
2009-09-15,-2.802690582959644,3.525264394829608,1.4846235418876086,-0.5434782608695676,1.7801047120418856,0.7306889352818313,-3.0494216614090353,-1.5803336259877176,1.5435501653803696,-4.5004500450045,1.7261219792865434,1.6538037486218293
2009-10-15,-3.1319910514541527,3.5211267605633756,1.4690451206715638,-0.7592190889370909,1.5673981191222541,0.940438871473348,-0.6451612903225712,-1.4072119613016798,1.773835920177369,-1.4842300556586197,1.6129032258064502,2.2026431718061623
2009-11-15,-1.918735891647838,3.5211267605633756,0.10526315789474161,-0.5434782608695676,0.9394572025052339,0.8350730688935215,2.4255788313120252,-1.8453427065026284,0.6629834254143541,-1.2059369202226278,1.7421602787456525,1.870187018701852
2009-12-15,-1.9079685746352326,3.5211267605633756,2.4468085106382986,-0.1094091903720007,1.2513034410844615,0.8342022940563076,4.035874439461873,-1.7621145374449365,0.5279831045406524,-1.2059369202226278,1.8681318681318615,2.0902090209020896
2010-01-15,-1.1173184357541888,3.399765533411503,0.4362050163576825,-0.21739130434782483,1.0438413361169019,1.0438413361169019,4.342984409799566,-1.8534863195057372,-0.5537098560354337,-0.6481481481481532,2.285714285714291,1.533406352683464
2010-02-15,-1.0044642857142794,3.3957845433255196,0.32017075773744796,-0.32573289902280145,0.5192107995846351,1.0427528675703845,3.207964601769908,-1.8567639257294433,-0.10822510822511289,-0.6469500924214389,1.016949152542379,1.5317286652078765
2010-03-15,0.33670033670034627,3.274853801169586,1.051524710830698,0.10869565217390686,0.41407867494824835,1.041666666666674,5.2164261931187506,-1.8617021276595702,0.7633587786259666,-0.2782931354359919,2.16894977168951,1.3114754098360715
2010-04-15,1.2387387387387427,3.274853801169586,1.4690451206715638,0.7633587786259666,0.20682523267838704,0.4145077720207224,4.615384615384621,-1.860053144375562,-1.6322089227421066,-0.6499535747446661,2.5142857142857133,1.3086150490730697
2010-05-15,1.0180995475113086,2.9205607476635587,1.6931216931216797,1.091703056768556,0.10330578512398603,0.4145077720207224,4.0437158469945444,-1.8650088809946674,-0.3293084522502765,-0.6493506493506551,1.814058956916087,1.3057671381936808
2010-06-15,0.33821871476888976,0.4555808656036442,1.3918629550321082,0.8714596949890963,-0.2059732234809375,0.6217616580310725,2.6968716289104577,-2.488888888888885,0.44004400440043057,-0.7414272474513539,1.1248593925759387,1.4161220043573008
2010-07-15,1.4823261117445696,0.5694760820045497,0.33222591362125353,1.2021857923497192,-0.10309278350515427,0.6211180124223725,3.1521739130434767,-1.9572953736654797,0.21299254526090383,-0.6487488415199305,-1.3157894736842146,1.304347826086949
2010-08-15,1.9562715765247374,0.34052213393871433,0.216216216216214,1.2008733624454315,-0.3089598352214229,0.7246376811594235,1.6111707841031109,-1.9607843137254943,0.5319148936170137,1.3170272812794037,-0.6615214994487362,1.0845986984815648
2010-09-15,2.3068050749711633,0.34052213393871433,0.4179728317659226,1.4207650273224015,-0.30864197530864335,0.932642487046631,2.711496746203901,-2.408563782337192,-0.32573289902280145,1.8850141376060225,2.149321266968318,1.193058568329719
2010-10-15,2.4249422632794504,0.340136054421758,0.0,1.6393442622950838,-0.30864197530864335,0.9316770186335477,2.7056277056277,-2.7653880463871516,-0.32679738562091387,1.7890772128060117,2.3809523809523725,1.0775862068965525
2010-11-15,2.7617951668584384,0.45351473922901064,1.682439537329139,1.857923497267766,0.20682523267838704,0.9316770186335477,2.3681377825618855,-2.86481647269472,0.3293084522502765,1.5962441314554043,2.8538812785388057,1.5118790496760237
2010-12-15,3.318077803203656,0.45351473922901064,-0.6230529595015466,2.4096385542168752,-0.2059732234809375,0.8273009307135482,3.9870689655172376,-3.139013452914796,-1.7857142857142905,1.5023474178403662,-2.588996763754048,1.18534482758621
2011-01-15,2.259887005649719,0.5668934240362855,-0.5428881650380024,2.7233115468409563,0.0,0.8264462809917328,3.6286019210245435,-3.0575539568345356,-0.11135857461024301,0.9319664492078328,1.1173184357541999,1.4023732470334282
2011-02-15,2.818489289740689,0.22650056625141968,-0.8510638297872353,3.05010893246187,0.4132231404958775,0.6191950464396134,4.180064308681675,-3.3333333333333326,-0.6500541711809249,1.023255813953483,1.342281879194629,2.478448275862055
2011-03-15,2.1252796420581532,0.5662514156285381,0.520291363163361,3.148751357220414,0.4123711340206171,0.7216494845360799,4.219409282700415,-3.342366757000903,-0.43290043290044045,1.3023255813953583,1.229050279329602,2.157497303128375
2011-04-15,1.7797552836484876,0.679501698754259,0.8273009307135482,3.0303030303030276,0.3095975232198178,0.9287925696594312,4.621848739495782,-3.6101083032490933,-0.11061946902656272,1.7757009345794383,1.1148272017837302,2.0452099031216253
2011-05-15,2.911534154535289,1.3620885357548351,1.248699271592102,2.699784017278617,0.20639834881319707,0.9287925696594312,4.516806722689082,-3.6199095022624417,-0.8810572687224627,1.5873015873015817,1.4476614699331813,1.9334049409237553
2011-06-15,2.8089887640449396,2.26757369614512,0.31678986272438703,2.9157667386609187,0.20639834881319707,0.720906282183309,4.09663865546217,-3.1905195989061053,0.21905805038335835,1.5873015873015817,1.4460511679643906,1.9334049409237553
2011-07-15,2.696629213483148,2.3782559456398733,1.324503311258285,3.1317494600431983,0.10319917440659854,0.7201646090535085,4.952581664910416,-4.0834845735027265,-0.10626992561104665,1.4925373134328401,1.5555555555555545,1.3948497854077146
2011-08-15,3.047404063205428,2.714932126696823,1.1866235167206085,3.0204962243797207,0.723140495867769,0.7194244604316502,4.756871035940802,-4.09090909090909,-0.4232804232804255,0.18570102135562205,1.6648168701442811,1.5021459227467782
2011-09-15,3.2694475760991937,2.714932126696823,2.913631633714897,3.2327586206896575,0.722394220846212,0.6160164271047153,5.491024287222812,-3.7477148080438782,-0.32679738562091387,0.18501387604070718,1.882613510520481,1.5005359056806
2011-10-15,3.4949267192784683,2.7118644067796627,3.205791106514999,3.3333333333333215,0.8255933952528327,0.512820512820511,5.163329820864049,-3.8532110091743177,-0.5464480874316946,-4.995374653098972,1.9933554817275656,0.9594882729211163
2011-11-15,3.135498320268759,2.5959367945824097,2.792140641158225,3.433476394849788,0.6191950464396134,0.6153846153846176,4.837013669821255,-3.3179723502304137,-0.2188183807439903,-5.08317929759704,1.8867924528301883,0.7446808510638281
2011-12-15,2.5470653377630104,2.708803611738153,1.6718913270637348,3.1016042780748654,0.722394220846212,0.6153846153846176,3.2124352331606154,-2.9629629629629672,0.10695187165774556,-4.995374653098972,1.661129568106312,0.7454739084131967
2012-01-15,3.3149171270718147,2.931228861330326,1.7467248908296984,2.757158006362692,0.8264462809917328,1.946721311475419,3.501544799176104,-2.78293135435993,0.11148272017835748,-4.524469067405345,1.767955801104959,1.382978723404249
2012-02-15,3.7280701754385914,3.276836158192098,2.253218884120156,2.748414376321362,0.411522633744843,2.1538461538461506,4.218106995884763,-2.143522833178002,0.32715376226826187,-4.696132596685077,1.8763796909492259,0.3154574132492316
2012-03-15,3.9430449069003393,4.054054054054057,2.898550724637694,2.421052631578946,0.4106776180698102,2.2517911975435068,3.8461538461538325,-2.0560747663551426,0.21739130434783593,-4.683195592286504,2.207505518763786,0.7391763463569179
2012-04-15,3.3879781420764976,4.0494938132733305,2.6666666666666616,2.2058823529411686,0.8230452674897082,2.4539877300613577,3.5140562248995977,-1.96629213483146,-0.22148394241418012,-8.264462809917351,2.094818081587646,0.6329113924050667
2012-05-15,2.7203482045701888,3.807390817469214,2.0554984583761593,2.3133543638275578,0.9268795056642798,2.4539877300613577,2.6130653266331683,-1.8779342723004744,1.1111111111111072,-7.9963235294117645,1.975850713501659,0.6322444678608985
2012-06-15,3.60655737704918,2.6607538802660757,2.7368421052631486,1.9937040923399874,0.9268795056642798,2.4539877300613577,2.0181634712411745,-1.789077212806034,0.0,-7.9963235294117645,2.3026315789473673,0.6322444678608985
2012-07-15,3.063457330415753,2.5442477876106206,1.7429193899782147,2.0942408376963373,0.9278350515463885,2.5536261491317713,2.208835341365467,-1.5137180700094732,1.1702127659574346,-7.904411764705877,1.969365426695835,1.1640211640211673
2012-08-15,3.1763417305586072,2.2026431718061623,1.5991471215351716,2.408376963350789,0.3076923076922977,2.448979591836742,4.036326942482349,-1.1374407582938395,0.8501594048884398,-7.043558850787779,1.8558951965065518,1.0570824524312794
2012-09-15,2.729257641921401,2.312775330396488,1.2133468149645887,2.2964509394572064,0.30737704918033515,2.448979591836742,3.9039039039038936,-1.5194681861348425,1.4207650273224015,-6.740535549399818,2.0652173913043637,0.9503695881731611
2012-10-15,3.05010893246187,2.4202420242024125,1.9038076152304573,2.1852237252861784,0.61412487205732,2.6530612244897833,3.006012024048088,-1.1450381679389388,0.9890109890109855,-2.2395326192794496,1.8458197611292082,1.372756071805692
2012-11-15,3.9087947882736174,2.4202420242024125,1.810865191146882,1.8672199170124415,0.8205128205128087,2.752293577981657,2.106318956870612,-1.5252621544328049,1.9736842105263053,-2.2395326192794496,1.9607843137254832,1.1615628299894265
2012-12-15,4.211663066954641,2.3076923076922995,2.466598150051391,1.6597510373443924,0.7172131147541005,2.752293577981657,2.008032128514059,-1.6221374045801595,2.3504273504273643,-2.2395326192794496,1.9607843137254832,1.374207188160681
2013-01-15,3.9572192513368964,1.8619934282585016,0.7510729613734002,2.270381836945301,0.9221311475409832,-3.618090452261302,1.0945273631840724,-1.6221374045801595,1.6703786191536674,-0.4835589941972973,2.1715526601520097,1.4690451206715638
2013-02-15,2.748414376321362,2.0787746170678245,0.6295907660021083,2.160493827160481,0.9221311475409832,-3.6144578313252906,1.0858835143139345,-1.8095238095238164,2.1739130434782705,-0.38647342995169476,2.0585048754062862,1.467505241090139
2013-03-15,3.2665964172813533,1.0822510822510845,2.2132796780683917,2.0554984583761593,1.0224948875255713,-3.703703703703709,-1.0721247563352798,-1.5267175572518998,3.2537960954446943,-0.6743737957610851,2.1598272138228847,1.6771488469601525
2013-04-15,3.6997885835095223,1.189189189189177,1.0989010989011172,2.0554984583761593,0.9183673469387754,-3.792415169660679,-0.8729388942773975,-1.3371537726838634,0.33296337402886067,3.4034034034033933,2.4838012958963374,1.7819706498951593
2013-05-15,4.766949152542366,0.9708737864077666,1.4098690835850913,2.0554984583761593,1.122448979591839,-3.6926147704590795,-0.19588638589617124,-1.3397129186602963,2.7472527472527375,3.1968031968031996,2.2604951560817987,1.7801047120418856
2013-06-15,4.641350210970474,1.2958963282937441,1.6393442622950838,2.160493827160481,1.122448979591839,-3.592814371257491,0.6923837784371889,-1.2464046021092967,3.2786885245901676,3.1968031968031996,2.3579849946409492,1.4659685863874339
2013-07-15,5.201698513800412,2.8047464940668787,1.2847965738757905,2.1538461538461506,1.0214504596527174,-3.685258964143434,0.7858546168958647,-1.1527377521613702,2.733964248159837,3.1936127744510934,2.5751072961373245,1.4644351464435212
2013-08-15,4.352441613588098,2.69396551724137,0.734522560335793,1.8404907975460016,0.920245398773023,-3.685258964143434,-0.4849660523763344,-1.7257909875359467,2.8451001053740654,3.1904287138584175,2.4651661307609762,1.987447698744771
2013-09-15,4.144527098831041,2.6910656620021456,1.0989010989011172,1.8367346938775508,1.0214504596527174,-3.585657370517936,-1.1560693641618491,-1.5429122468659684,2.37068965517242,2.970297029702973,2.2364217252396124,2.092050209205021
2013-10-15,3.6997885835095223,2.9001074113855996,1.2782694198623323,1.6293279022403295,0.7121057985757906,-3.77733598409542,-1.0700389105058328,-1.4478764478764505,2.176278563656142,-1.0956175298804882,2.2388059701492713,1.6666666666666607
2013-11-15,2.8213166144200663,3.1149301825993625,0.6916996047430901,1.6293279022403295,0.7121057985757906,-3.8690476190476053,-0.6876227897838927,-1.3552758954501365,3.3333333333333215,-1.0956175298804882,2.3504273504273643,2.087682672233826
2013-12-15,3.2124352331606154,3.329752953813103,-0.30090270812437314,1.9387755102040938,0.7121057985757906,-3.7698412698412676,0.0,-1.2609117361784605,2.9227557411273475,-1.0956175298804882,2.564102564102577,1.8769551616266922
2014-01-15,3.189300411522633,3.8709677419354716,1.2779552715654896,0.908173562058523,0.6091370558375608,1.4598540145985384,-0.49212598425196763,-1.066925315227929,3.066812705366928,-2.721088435374164,2.125398512221044,1.8614270941054833
2014-02-15,3.0864197530864113,3.5369774919614017,1.9812304483837195,0.9063444108761365,0.50761421319796,1.4583333333333393,-0.9765625,-0.9699321047526688,2.553191489361706,-2.812803103782724,2.3354564755838636,1.7561983471074516
2014-03-15,1.9387755102040938,3.747323340471098,0.8858267716535417,0.8056394763343411,0.6072874493927127,1.6632016632016633,-0.19704433497537144,-1.3565891472868241,1.5756302521008347,-2.6188166828321924,2.114164904862581,1.6494845360824684
2014-04-15,1.5290519877675823,3.6324786324786418,1.383399209486158,1.007049345417932,0.5055611729019249,1.763485477178417,-0.09784735812133905,-1.4520813165537216,4.31415929203538,-2.710551790900284,1.8967334035827177,1.6477857878475888
2014-05-15,0.4044489383215222,3.7393162393162482,0.49652432969216065,1.1077542799597273,0.20181634712412855,1.865284974093262,0.2944062806673253,-1.4548981571290032,-0.3208556149732589,-2.710551790900284,2.210526315789463,1.7489711934156382
2014-06-15,0.10080645161290036,3.304904051172719,-0.3024193548387122,1.2084592145015227,0.3027245206861817,1.8633540372670954,0.8840864440078589,-1.5533980582524198,1.3756613756613634,-2.710551790900284,1.884816753926688,2.063983488132104
2014-07-15,0.20181634712412855,1.9937040923399874,0.8456659619450413,0.9036144578313365,0.4044489383215222,2.378490175801451,0.29239766081872176,-1.554907677356665,0.61412487205732,-2.7079303675048516,1.987447698744771,2.0618556701030855
2014-08-15,0.508646998982698,2.203567681007357,1.8750000000000044,1.0040160642570184,0.5065856129685908,2.4819027921406223,-0.09746588693956282,-1.3658536585365866,0.7172131147541005,-2.801932367149762,1.987447698744771,1.538461538461533
2014-09-15,1.0204081632652962,2.7253668763102645,1.7786561264822032,0.8016032064128265,0.30333670374114163,2.2727272727272707,-0.09746588693956282,-1.0773751224289807,0.8421052631578885,-2.596153846153848,2.083333333333326,1.6393442622950838
2014-10-15,0.9174311926605672,2.713987473903967,-0.3883495145631133,0.7014028056112176,0.20202020202020332,2.4793388429752206,0.0983284169124854,-1.0773751224289807,1.0649627263045858,-0.20140986908359082,2.1897810218977964,1.5368852459016313
2014-11-15,0.304878048780477,2.708333333333335,0.4906771344455274,0.7014028056112176,0.40404040404040664,2.3735810113518996,-0.19782393669632858,-0.8832188420019649,-0.10405827263266776,-0.20140986908359082,2.2964509394572064,1.4314928425357865
2014-12-15,-0.6024096385542133,2.494802494802495,2.012072434607637,0.10010010010008674,0.60606060606061,2.3711340206185483,-2.263779527559051,-0.8840864440078477,0.20283975659229903,0.0,2.1874999999999867,1.4329580348003912
2015-01-15,-0.8973080757726737,2.2774327122153215,0.9463722397476504,-0.20000000000000018,0.4036326942482349,2.261048304213764,-3.264094955489616,-1.0784313725490158,0.10626992561106885,-0.5994005994005902,2.6014568158168494,0.6091370558375608
2015-02-15,0.0,2.2774327122153215,-1.329243353783227,-0.1996007984031989,0.40404040404040664,2.361396303901442,-2.4654832347140054,-1.4691478942213565,0.5186721991701226,-0.5988023952095856,2.4896265560165887,1.0152284263959421
2015-03-15,0.30030030030030463,2.270381836945301,-0.585365853658526,0.0,0.3018108651911433,2.0449897750511203,-0.9871668311944748,-1.2770137524557912,0.31023784901758056,-0.6972111553784854,2.69151138716357,1.3184584178498993
2015-04-15,1.3052208835341528,2.4742268041237248,-0.19493177387913674,-0.09970089730807485,0.5030181086519203,1.8348623853211121,-1.0773751224289807,-1.3752455795677743,4.878048780487809,-0.7960199004975133,3.1023784901758056,1.2158054711246313
2015-05-15,1.5105740181268867,2.3686920700308978,-0.5928853754940788,-0.19920318725099584,0.8056394763343411,1.729399796541209,-0.4892367906066508,-1.3779527559054983,7.725321888412018,-0.7960199004975133,2.9866117404737436,1.3144590495449915
2015-06-15,0.9063444108761365,3.0959752321981338,0.30333670374114163,-0.29850746268655914,0.6036217303822866,1.7276422764227473,-1.1684518013632017,-1.3806706114398493,5.845511482254717,-0.6965174129353269,3.083247687564228,1.2133468149645887
2015-07-15,0.20140986908359082,3.292181069958855,0.0,-0.3980099502487566,0.6042296072507725,1.1111111111111072,-0.9718172983479101,-1.382033563672247,6.917599186164791,-0.7952286282306154,3.076923076923066,0.8080808080808133
2015-08-15,0.4048582995951566,3.3880903490759673,0.0,-0.5964214711729587,0.9072580645161255,1.1099899091826515,-1.7560975609756113,-1.285855588526208,7.019328585961349,-0.8946322067594381,3.2820512820512793,1.1111111111111072
2015-09-15,0.7070707070707005,2.857142857142847,0.1941747572815622,-0.6958250497017815,0.9072580645161255,1.21212121212122,-2.8292682926829293,-1.3861386138613874,6.993736951983309,-0.8884501480750151,2.6530612244897833,0.9072580645161255
2015-10-15,1.0101010101010166,2.5406504065040636,1.072124756335291,-0.5970149253731294,1.1088709677419262,1.0080645161290258,-2.6522593320235766,-1.5841584158415745,7.586933614330871,1.5136226034308864,2.7551020408163263,1.31180625630678
2015-11-15,1.4184397163120588,2.332657200811372,0.5859375,-0.5970149253731294,1.0060362173038184,1.0080645161290258,-1.5857284440039754,-1.4851485148514865,0.5208333333333259,1.6145307769929396,2.448979591836742,1.2096774193548487
2015-12-15,0.8080808080808133,2.332657200811372,-1.0848126232741673,-0.40000000000000036,0.9036144578313365,0.9063444108761365,-1.0070493454179208,-1.4866204162537144,1.0121457489878471,1.4098690835850913,2.548419979612637,1.31180625630678
2016-01-15,0.6036217303822866,2.327935222672073,-0.31249999999999334,-0.30060120240480437,0.8040201005025116,1.005025125628145,-0.4089979550102152,-1.4866204162537144,1.0615711252653925,2.01005025125629,2.332657200811372,2.1190716448032276
2016-02-15,0.4990019960079861,2.1255060728744946,0.8290155440414448,-0.40000000000000036,1.106639839034207,1.0030090270812364,-1.921132457027308,-1.1928429423459175,0.20639834881319707,2.008032128514059,2.327935222672073,1.8090452261306567
2016-03-15,0.8982035928143617,2.0181634712411745,0.09813542688910104,-0.39960039960038607,0.9027081243731194,1.002004008016022,-2.891326021934193,-1.1940298507462699,2.4742268041237248,2.106318956870612,2.4193548387096753,1.6016016016015877
2016-04-15,0.49554013875123815,2.515090543259557,0.9765625,-0.3992015968063978,0.800800800800805,1.0010010010010006,-2.7722772277227747,-1.394422310756982,-0.8088978766430888,2.206619859578729,2.106318956870612,1.9019019019018923
2016-05-15,-0.09920634920634885,2.9175050301810668,2.2862823061630344,-0.29940119760478723,0.6993006993007089,1.0000000000000009,-2.556538839724687,-1.4970059880239472,0.3984063745019917,2.206619859578729,2.400000000000002,1.896207584830334
2016-06-15,0.09980039920158834,2.7027027027026973,0.7056451612903247,-0.1996007984031989,0.6000000000000005,0.9990009990010096,-1.379310344827589,-1.4000000000000012,0.4930966469427922,2.104208416833675,2.193419740777669,2.0979020979021046
2016-07-15,1.2060301507537785,2.1912350597609542,1.2578616352201033,-0.09990009990009652,0.6006006006005871,1.1988011988012026,-1.962708537782143,-1.3013013013013164,1.4272121788772685,2.204408817635284,2.2885572139303534,2.4048096192384794
2016-08-15,1.0080645161290258,1.9860973187686204,-0.4089979550102152,0.0,0.29970029970030065,1.1976047904191711,-1.4895729890764597,-1.2024048096192397,1.0456273764258395,2.106318956870612,2.1847070506454846,2.29770229770232
2016-09-15,0.7021063189568633,2.182539682539675,-0.09689922480621282,0.2002002002001957,0.3996003996004083,1.1976047904191711,0.0,-1.2048192771084265,0.5853658536585371,2.0916334661354563,2.1868787276341894,2.5974025974025983
2016-10-15,0.40000000000000036,1.9821605550049526,0.867888138862094,0.4004004004003914,0.49850448654038537,1.2974051896207595,1.2108980827447047,-0.905432595573441,0.2938295788442735,1.1928429423459175,1.9860973187686204,2.589641434262946
2016-11-15,1.3986013986013957,1.9821605550049526,1.0679611650485477,0.4004004004003914,0.3984063745019917,1.2974051896207595,0.40281973816718164,-1.1055276381909507,0.0,1.0923535253227312,2.1912350597609542,2.589641434262946
2016-12-15,2.505010020040088,1.9821605550049526,1.7946161515453696,1.0040160642570184,0.39800995024876773,1.2974051896207595,2.5432349949135347,-1.106639839034218,0.6012024048096309,1.0923535253227312,2.0874751491053667,2.589641434262946
2017-01-15,3.200000000000003,1.8793273986152492,1.6718913270637348,1.306532663316573,0.49850448654038537,1.3930348258706537,4.004106776180683,-1.0060362173038184,0.31512605042016695,0.6896551724137945,1.9821605550049526,0.6916996047430901
2017-02-15,4.468718967229401,2.18037661050543,0.10277492291881352,1.3052208835341528,0.39800995024876773,1.2909632571995955,4.7422680412370966,-1.2072434607645954,0.6179196704428458,0.6889763779527547,2.077151335311589,0.6910167818361401
2017-03-15,2.2749752720079286,1.9782393669633969,1.764705882352935,1.2036108324974926,0.497017892644136,1.4880952380952328,4.004106776180683,-1.309164149043296,-0.905432595573441,0.5893909626719207,1.7716535433071057,0.6896551724137945
2017-04-15,1.4792899408283988,2.060843964671233,0.5802707930367523,1.3026052104208485,0.2979145978152964,1.4866204162537144,3.86965376782078,-1.1111111111111072,2.650356778797147,0.4906771344455274,1.9646365422396839,0.7858546168958647
2017-05-15,2.1847070506454846,2.1505376344086002,0.38872691933915515,1.2012012012011963,0.1984126984126977,1.5841584158415856,2.320887991927356,-1.0131712259371817,0.29761904761904656,0.5888125613346284,1.7578125,0.587659157688547
2017-06-15,2.3928215353938187,2.4366471734892814,0.700700700700696,1.0000000000000009,0.497017892644136,1.4836795252225476,1.2987012987013102,-0.9127789046653012,2.8459273797840856,0.5888125613346284,2.04878048780488,0.5870841487279899
2017-07-15,2.284011916583917,2.729044834308003,0.5175983436852993,1.0999999999999899,0.4975124378109541,1.382033563672258,1.8018018018018056,-1.2170385395537386,2.251407129455907,0.39215686274509665,2.237354085603105,0.5870841487279899
2017-08-15,2.6946107784431073,2.7263875365141077,1.3347022587268942,1.200000000000001,0.4980079681274896,1.2820512820512775,2.7217741935483986,-1.4198782961460377,2.069614299153333,0.4911591355599265,2.235179786200181,0.48828125
2017-09-15,2.9880478087649376,2.4271844660194164,0.5819592628516057,1.2987012987013102,0.5970149253731183,1.2820512820512775,2.6104417670682833,-1.2195121951219523,2.2308438409311515,0.6829268292682933,2.3346303501945664,0.2921129503407949
2017-10-15,3.784860557768921,2.7210884353741527,-0.09560229445506607,1.2961116650049842,0.3968253968253954,1.1822660098522286,1.6949152542372836,-1.3197969543147225,0.87890625,1.4734774066797574,2.2395326192794496,-0.7766990291262155
2017-11-15,2.758620689655178,2.818270165208925,-0.2881844380403398,1.495513459621134,0.49603174603174427,1.1822660098522286,2.9087261785355922,-1.4227642276422814,2.0725388601036343,1.4734774066797574,2.046783625731008,-0.8737864077669966
2017-12-15,2.639296187683282,3.0126336248785135,0.2938295788442735,1.2922465208747624,0.49554013875123815,1.1822660098522286,2.083333333333348,-1.322482197355035,1.6932270916334646,1.4734774066797574,2.2395326192794496,-0.9708737864077666
2018-01-15,2.6162790697674465,2.9126213592232997,-0.7194244604316613,1.388888888888884,0.7936507936507908,1.079489695780178,1.382033563672258,-1.3211382113821224,1.1518324607329822,2.1526418786692814,2.3323615160349753,0.7850834151128527
2018-02-15,0.5703422053231932,3.0067895247332777,1.129363449691989,1.2884043607532147,0.5946481665014769,1.0784313725490158,1.279527559055138,-1.2219959266802527,0.9211873080859689,2.052785923753664,2.2286821705426396,1.0784313725490158
2018-03-15,2.6112185686653744,3.2977691561590694,-0.28901734104046506,1.3875123885034535,0.5934718100890191,1.0752688172043001,1.1846001974333609,-1.3265306122448917,2.538071065989844,2.148437499999978,2.321083172146987,1.1741682974559797
2018-04-15,3.109815354713308,3.653846153846141,0.19230769230769162,1.3847675568743778,0.6930693069306937,0.78125,1.4705882352941124,-1.2257405515832542,-0.3972194637537285,2.34375,2.215799614643532,0.8771929824561431
2018-05-15,3.206997084548102,3.349282296650724,0.1936108422071703,1.6815034619188873,0.6930693069306937,0.6822612085769952,3.3530571992110403,-1.0235414534288667,3.5608308605341366,2.2439024390243922,2.303262955854124,0.778967867575453
2018-06-15,3.3106134371956975,3.42530922930544,0.6958250497017815,1.8811881188118829,0.6923837784371889,0.7797270955165914,3.9447731755424043,-1.1258955987717645,0.1908396946564972,2.3414634146341484,2.198852772466542,0.7782101167315147
2018-07-15,2.5242718446601975,3.2258064516129004,-1.2358393408856694,1.8793273986152492,0.4950495049504955,0.778967867575453,4.03146509341199,-0.9240246406570951,1.6513761467889854,2.34375,1.9980970504281714,0.7782101167315147
2018-08-15,2.3323615160349753,3.127962085308056,-0.5065856129685908,1.976284584980248,0.5946481665014769,0.8763388510223846,4.023552502453387,-0.92592592592593,1.6589861751151957,-1.6617790811339184,1.9961977186311763,0.7774538386783325
2018-09-15,2.8046421663442844,3.033175355450246,0.6750241080038633,2.071005917159763,0.6923837784371889,0.9737098344693385,4.403131115459891,-0.92592592592593,1.2333965844402162,-0.6782945736434121,1.9961977186311763,0.8737864077669855
2018-10-15,1.8234165067178454,3.2166508987701015,0.9569377990430672,2.2637795275590733,0.8893280632410905,0.9737098344693385,5.000000000000004,-1.0288065843621408,2.9041626331074433,-0.7744433688286478,2.190476190476187,1.8590998043052753
2018-11-15,1.5340364333652934,2.930056710775064,1.3487475915221703,2.259332023575644,0.8884501480750373,0.9737098344693385,5.2631578947368585,-0.8247422680412342,0.10152284263957867,-0.7744433688286478,2.2922636103151817,1.9588638589618013
2018-12-15,1.0476190476190528,2.5471698113207486,0.6835937499999778,1.7664376840039298,0.7889546351084853,0.9737098344693385,3.401360544217691,-0.7216494845360799,0.0,-0.6776379477250738,2.285714285714291,2.0588235294117574
2019-01-15,0.661000944287049,2.7358490566037785,1.449275362318847,1.8590998043052753,0.5905511811023612,0.8737864077669855,1.6553067185978598,-0.9268795056642576,0.20703933747412417,0.0,2.1842355175688555,2.0447906523855863
2019-02-15,1.3232514177693888,2.6365348399246757,1.4213197969543234,2.054794520547931,0.6896551724137945,0.9699321047526688,1.5549076773566428,-0.7216494845360799,0.0,0.0,2.274881516587679,1.9398642095053376
2019-03-15,0.47125353440151674,3.0046948356807546,-0.6763285024154575,2.052785923753664,0.3933136676499416,0.9671179883945946,2.536585365853661,-0.5170630816959676,-0.8910891089108919,0.0,2.2684310018903586,1.5473887814313247
2019-04-15,0.47125353440151674,2.504638218923927,1.055662188099804,2.146341463414636,0.7866273352999054,1.2596899224806224,3.2850241545893777,-0.6204756980351722,3.2901296111665035,0.0,2.5447690857681504,1.7391304347825987
2019-05-15,0.8474576271186418,2.6851851851851904,1.1594202898550732,2.0428015564202484,0.7866273352999054,1.0648596321394033,3.053435114503822,-1.0341261633919352,-1.528175740210136,-0.1908396946564861,2.72045028142589,2.2222222222222143
2019-06-15,1.036757775683328,2.1159153633854677,1.5794669299111552,1.8464528668610258,0.5893909626719207,1.0638297872340274,2.0872865275142205,-1.1387163561076497,2.190476190476187,-2.097235462345093,2.8063610851262855,2.1235521235521304
2019-07-15,1.799242424242431,2.113970588235281,3.649635036496357,1.9417475728155331,0.886699507389177,0.9661835748792313,1.7013232514177634,-0.8290155440414448,0.5415162454873723,-2.0992366412213803,2.7052238805969964,2.316602316602312
2019-08-15,2.279202279202286,2.113970588235281,1.323828920570258,1.744186046511631,0.7881773399014858,0.9652509652509744,0.9433962264151052,-0.6230529595015466,0.18132366273799772,1.093439363817117,2.7027027027026973,2.4108003857280513
2019-09-15,1.1288805268109048,2.575896964121438,0.8620689655172376,1.6425120772946888,0.8840864440078589,0.867888138862094,-0.18744142455482393,-0.5192107995846351,0.6560449859418949,-0.19512195121951237,2.7027027027026973,2.4061597690086645
2019-10-15,0.9425070688030113,2.4747937671860676,1.0426540284360186,1.4436958614052031,0.8814887365328206,0.9643201542912205,-0.5602240896358524,-0.4158004158004269,0.5644402634054746,-0.19512195121951237,2.7027027027026973,2.689721421709912
2019-11-15,1.6052880075542841,2.662993572084482,1.425855513307983,1.2487992315081797,0.9784735812133016,1.060752169720347,-1.2962962962963065,-0.4158004158004269,0.6085192697768749,-0.09756097560974508,2.8011204481792618,2.689721421709912
2019-12-15,1.8850141376060225,2.575896964121438,2.424830261881672,1.7357762777242103,1.1741682974559797,1.060752169720347,0.46992481203007586,-0.5192107995846351,1.2732615083251853,-0.29239766081871066,2.607076350093096,2.5936599423631135
2020-01-15,2.4390243902439046,2.754820936639124,1.9387755102040938,1.8251681075888593,1.0763209393346296,1.3474494706448459,2.6819923371647514,-0.31185031185030354,0.0,-2.298850574712652,2.695167286245348,2.003816793893143
2020-02-15,3.078358208955212,2.660550458715605,1.8018018018018056,1.5340364333652934,0.9784735812133016,1.4409221902017322,2.1052631578947434,-0.41536863966770143,0.8113590263691739,-2.298850574712652,2.7803521779425466,1.9980970504281714
2020-03-15,3.564727954971869,1.823154056517784,2.529182879377445,1.3409961685823646,1.175318315377094,1.3409961685823646,0.2854424357754626,-0.519750519750517,-0.29970029970030065,-2.0076481835563986,2.6802218114602594,2.190476190476187
2020-04-15,4.596622889305824,2.5339366515837014,-0.8547008547008517,1.1461318051575908,1.3658536585365866,1.5311004784688942,-2.8999064546305076,-0.41623309053069324,-0.19305019305018156,-2.2900763358778553,2.389705882352944,2.1842355175688555
2020-05-15,4.201680672268915,2.8854824165915227,0.09551098376312517,0.8579599618684375,0.9756097560975618,1.5325670498084198,-4.53703703703704,-0.2089864158829724,0.0,-2.198852772466542,2.100456621004554,2.07939508506616
2020-06-15,4.104477611940283,3.8738738738738787,-0.4859086491739606,0.9541984732824416,1.26953125,1.4354066985645897,-3.06691449814126,-0.10471204188481353,-0.2795899347623476,-0.2921129503407949,2.0928116469517644,2.5519848771266673
2020-07-15,1.023255813953483,3.150315031503159,-1.7102615694165046,0.3809523809523929,-0.68359375,0.6698564593301537,-3.159851301115235,-2.5078369905956133,-0.35906642728905647,-0.19493177387913674,1.9073569482289,1.7924528301886955
2020-08-15,0.6499535747446661,3.060306030603055,-1.3065326633165841,0.28571428571428914,-0.2932551319648091,0.5736137667304186,-2.710280373831786,-2.7168234064785857,-0.7239819004524861,-0.1966568338249819,1.9963702359346636,1.6949152542372836
2020-09-15,0.5581395348837059,2.780269058295959,-2.089268755935425,0.0,-0.5842259006816009,0.47801147227533036,-2.7230046948356845,-2.9227557411273475,-0.4655493482309092,0.3910068426197455,1.814882032667886,1.5037593984962294
2020-10-15,1.3071895424836555,2.415026833631484,-1.7823639774859235,-0.09487666034156961,-0.7766990291262155,-0.47755491881565915,-2.6291079812206575,-3.0271398747390266,0.0,0.3910068426197455,1.814882032667886,1.1225444340505097
2020-11-15,1.2081784386617223,1.6994633273702986,-2.1555763823805085,0.0,-1.1627906976744207,-0.5725190839694583,-3.2833020637898724,-3.235908141962418,0.8064516129032251,0.390625,1.6348773841961872,1.1225444340505097
2020-12-15,0.37002775208141436,1.704035874439458,-5.397727272727259,0.18957345971564177,-0.8704061895551285,-0.4770992366412208,-2.7128157156220856,-3.4446764091857984,0.9671179883945946,0.4887585532746819,1.814882032667886,1.404494382022481
2021-01-15,1.9230769230769162,2.144772117962468,1.1011011011010874,0.6603773584905603,1.1616650532429773,0.0,0.4664179104477695,-1.4598540145985495,1.6528925619834878,1.5686274509803866,1.8099547511312153,2.4321796071094415
2021-02-15,1.4479638009049722,2.5915996425379673,0.5899705014749124,0.9442870632672351,1.4534883720930258,-0.09469696969696129,1.9681349578256846,-1.5641293013555768,1.5090543259557387,1.764705882352935,1.4427412082957503,2.6119402985074647
2021-03-15,1.6304347826086918,3.043867502238129,-1.6129032258064502,1.3232514177693888,1.1616650532429773,-0.0945179584120881,4.933586337760909,-1.4629049111807846,1.603206412825653,1.560975609756099,1.2601260126012592,3.075489282385835
2021-04-15,1.883408071748871,3.0891438658428916,-0.766283524904221,1.3220018885741203,0.6737247353224118,-0.2827521206409056,7.129094412331405,-1.5673981191222541,1.0638297872340274,1.6601562499999778,1.3464991023339312,2.973977695167296
2021-05-15,1.433691756272415,2.36634531113058,-0.1908396946564861,1.6068052930056753,0.9661835748792313,-0.18867924528301883,8.438409311348206,-1.3612565445026203,3.588748787584861,1.9550342130987275,1.5205724508050134,2.8703703703703676
2021-06-15,1.2544802867383575,1.561144839548989,2.636718749999978,1.7013232514177634,0.867888138862094,-0.2830188679245227,7.957813998082441,-1.2578616352201255,1.0280373831775602,1.85546875,2.7629233511586415,2.580645161290329
2021-07-15,4.327808471454886,2.2687609075043635,5.015353121801414,2.371916508538896,3.1465093411995992,0.5703422053231932,9.788867562380045,0.9646302250803984,2.612612612612608,1.953125,3.2976827094474137,3.429101019462455
2021-08-15,4.520295202952029,2.358078602620095,3.462321792260692,2.564102564102577,3.1372549019607954,0.665399239543718,10.47070124879923,1.2889366272824887,3.281677301731989,1.9704433497536922,3.4697508896797125,3.6111111111111205
2021-09-15,4.810360777058276,2.3560209424083878,2.3278370514064006,2.946768060836491,3.52595494613126,0.9514747859181716,10.81081081081081,1.3978494623655857,3.741814780168373,1.9474196689386547,3.475935828876997,3.8888888888888973
2021-10-15,4.423963133640552,2.707423580786017,1.1461318051575908,3.70370370370372,3.718199608610573,1.5355086372360827,12.921890067502396,1.3993541442411273,2.8063610851262855,1.9474196689386547,3.743315508021383,3.885291396854762
2021-11-15,4.5913682277318735,3.0782761653474155,1.9157088122605304,3.8899430740037877,4.313725490196085,1.6314779270633517,14.936954413191073,1.6181229773462702,4.499999999999993,1.9455252918287869,4.021447721179627,4.070305272895469
2021-12-15,5.898617511520743,3.615520282186946,5.5055055055055035,3.6896877956480445,4.292682926829272,1.6299137104506256,13.17307692307692,1.7297297297297343,5.1724137931034475,1.9455252918287869,4.010695187165769,3.970452446906747
2022-01-15,4.851752021563338,3.5870516185476875,-0.099009900990088,5.154639175257736,3.157894736842093,0.8547008547008517,10.584958217270191,-0.10582010582009804,5.386178861788604,1.8339768339768359,4.444444444444451,2.37442922374429
2022-02-15,5.084745762711873,3.745644599303133,-1.0752688172043001,5.799812909260971,4.011461318051568,0.7582938388625671,11.213235294117641,-0.10593220338983578,4.757185332011882,1.7341040462427681,5.066666666666664,2.181818181818196
2022-03-15,5.882352941176472,3.9965247610773247,2.0250723240115676,8.768656716417912,4.688995215311009,0.9460737937559083,17.450271247739614,-0.10604453870625141,5.02958579881656,1.5369836695485084,5.600000000000005,1.9891500904159143
2022-04-15,8.010563380281699,3.339041095890405,3.378378378378377,8.480894687791253,5.640535372848965,0.7561436672967936,15.557553956834536,0.0,6.124401913875599,1.5369836695485084,6.465899025686439,2.256317689530696
2022-05-15,10.689045936395747,3.9383561643835607,3.154875717017225,9.209302325581392,6.7942583732057305,1.1342155009451904,16.279069767441868,0.0,4.307116104868913,1.5340364333652934,7.224669603524236,2.5202520252025407
