-3.588758123225868957e+00;-1.679874233306221321e+00
-4.217009612715408196e+00;-2.072854406388335846e-01
-3.505953607880026190e+00;-2.781822303901128723e+00
-4.239929265979528239e+00;-2.121085766638158177e+00
-5.082575081434846709e+00;-1.671521198449302137e+00
-4.884765143071297722e+00;-8.365811944296199787e-01
-4.391169819882405179e+00;-1.902659986805737224e+00
-4.644909413803659071e+00;-1.733060538100586578e+00
-3.804736741473915274e+00;-2.164126611012640922e+00
-4.749545838679279264e+00;-2.683276591441379644e+00
-7.042391852667263308e+00;-1.477105123647711515e+00
-4.308451040912395058e+00;-2.593732016325153822e+00
-3.184196300809913893e+00;-3.163492539679011895e+00
-4.963393186158842951e+00;-2.149747080020667056e+00
-3.773776628513234144e+00;-8.245129840797720266e-01
-4.876042059442466936e+00;-1.697469984318261016e+00
-5.710228598104090558e+00;-3.584637174579141661e+00
-5.278329719460922220e+00;-1.874920824716815870e+00
-4.015767455417822873e+00;-1.038096120972471059e+00
-5.309861453926361996e+00;-2.241842200460268497e+00
-5.838842372053674623e+00;-3.136014349743180496e+00
-6.365016152500009738e+00;-4.393796838145682671e-01
-5.407721745401322444e+00;-2.350459441288949236e+00
-6.002236288039941137e+00;-1.378007715334471861e+00
-6.291118278046361034e+00;-2.170192224171175077e+00
-5.716373248954941033e+00;-1.690478001712590439e+00
-5.408644110055098153e+00;-2.944505747297929688e+00
-5.022545782670923664e+00;-1.657334503575665918e+00
-4.946786222093465746e+00;-1.758022481808174886e+00
-5.507457674944770787e+00;-2.290192932789710589e+00
-5.537968358220760834e+00;-2.287642529232432942e+00
-5.650517025635563684e+00;-3.381026081865341482e+00
-4.858059086196997889e+00;-2.321424748966609553e+00
-6.304158677572836211e+00;-1.629774195579380525e+00
-5.725838691506593747e+00;-1.958443683363088939e+00
-4.416727550257970591e+00;-1.896813671394071532e+00
-4.088479452365358924e+00;-2.987860656282922189e+00
-4.678126687057960531e+00;-2.547848072752250559e+00
-5.696637719345505779e+00;-2.463079731811532280e+00
-5.249242025701898129e+00;-1.955067726216203727e+00
-5.932119872626685719e+00;-1.279338810436650320e+00
-4.627470048215632126e+00;-3.228994949021779082e+00
-3.809398244963520419e+00;-4.832886591755334305e-01
-4.056976343072279612e+00;-2.143939868649880509e+00
-5.856602097208433833e+00;-1.156438618455090772e+00
-5.322541557578543525e+00;-1.022043943694058044e+00
-4.833380017538511986e+00;-1.218688770813029620e+00
-4.714906882260478937e+00;-1.434741465446441433e+00
-4.991599983423343545e+00;-5.713036048753317164e-01
-4.898470325837104511e+00;-1.678408509244238678e+00
-3.493479442354996412e+00;-3.078207248913956917e+00
-6.016387998788586877e+00;-1.224482633473590987e+00
-5.938498724091328285e+00;-4.451030514805658367e-01
-5.330895184607797432e+00;-2.597963849152606031e+00
-3.461646378815692149e+00;-8.155881668524604944e-01
-3.505952831658744273e+00;-1.275164273379691737e+00
-5.688980548043762298e+00;-4.719480375207729672e-01
-5.214402696761104572e+00;-1.358034883362883694e+00
-4.242198425781001703e+00;-2.124008074472667484e+00
-4.508736503723135947e+00;-1.262234662746778646e+00
-4.698859575075496231e+00;-2.879520632467355679e+00
-4.761409460635155355e+00;-9.388912826503756914e-01
-5.555654287785092293e+00;-2.119707632262136432e+00
-5.348122841377310088e+00;-5.205890172165263952e-01
-4.462164194390052074e+00;-1.674030531007111744e+00
-5.615932859556252765e+00;-1.568600646966546108e+00
-5.539466128525901034e+00;-1.974535553380519115e+00
-5.508676862703104860e+00;-1.458853364042800305e+00
-4.538727346708046895e+00;-2.166639004462395768e+00
-4.683194629870683912e+00;-2.874449206984404537e+00
-6.193006074164484787e+00;-1.648486638988370334e+00
-4.866661203701976746e+00;-1.491974850486314841e+00
-3.093484180108846182e+00;-1.244416410407668927e+00
-5.730257780355326958e+00;-1.106386969523317720e+00
-6.052725928409216749e+00;-2.369267683851767003e+00
-5.054593284259705221e+00;-6.293258226805065192e-01
-5.595803857638752099e+00;-2.661150830927211608e+00
-5.078762019540345563e+00;-2.530782629089685987e+00
-4.098691262314794415e+00;-2.863945206690738488e+00
-5.917974921928881749e+00;-2.350256035795547316e+00
-5.398425960553844050e+00;-4.563743569464113747e-01
-4.240463354459391709e+00;-1.929959006891847295e+00
-5.980348415064134393e+00;-1.324509618878762396e+00
-5.800172277911651797e+00;-3.235816877422089455e+00
-4.049576166118158405e+00;-1.746445910460120210e+00
-4.263312940975344745e+00;-1.745017877645583138e+00
-4.314535510477846891e+00;-2.520820474640117492e+00
-5.827394273427572102e+00;-1.454724385374698503e+00
-5.642727731339072683e+00;-2.551639822200160612e+00
-5.364426002813874383e+00;-1.986016672779954639e+00
-5.283195129002787205e+00;-3.099961034734414866e+00
-5.514894722266312499e+00;-3.778722521779541488e+00
-4.499814839178250203e+00;-3.281646124485398275e+00
-5.883506671542760635e+00;-1.958267936591220559e+00
-5.591650397113050452e+00;-7.655883236746112708e-01
-6.034285527778759040e+00;-1.786359304520653613e+00
-5.031426254581996105e+00;-2.934474798192957756e+00
-4.581378671574596773e+00;-2.137237064977798529e+00
-4.382567559029066473e+00;-1.341196676829014667e+00
-3.269411240575448296e+00;-9.307776404508862900e-01
-5.295345470353955086e+00;-2.191503342060741044e+00
-4.120272323290309124e+00;-1.475789015421921757e+00
-4.487894779121926803e+00;-3.293564835448667516e+00
-5.019460899519148533e+00;-2.590424727364550872e+00
-4.776060320765409095e+00;-2.078520311714366464e+00
-4.271856873525926801e+00;-1.746225427846958222e+00
-4.370937630312819344e+00;-2.373135277388754627e+00
-5.755557004734599857e+00;-2.328039754562039043e+00
-5.013616331089152389e+00;-1.696678611555934468e+00
-3.192552839447317936e+00;-2.033805721328514338e+00
-5.764756000394221758e+00;-2.276785420559509276e+00
-5.370876779716875049e+00;-1.614814820981230303e+00
-6.232637611555699841e+00;-1.949390404639734564e+00
-4.874794769627699864e+00;-1.814255171039779402e+00
-5.477852855172289814e+00;-2.190337383788805603e+00
-6.139248727186025434e+00;-2.394655906689755476e+00
-5.434289180813374642e+00;-1.667159962990859556e+00
-5.924945945457530172e+00;-1.375041518632005300e+00
-3.804412364406904778e+00;-3.655988020010826123e+00
-4.658993015377519420e+00;-1.458473571975803518e+00
-5.509949620441783047e+00;-2.317817451463038303e+00
-5.106304462069564565e+00;-2.238232703521382483e+00
-5.247210375237697733e+00;-3.340803045063981180e+00
-4.078134748173503965e+00;-1.136305126370543039e+00
-5.650691407363362728e+00;-3.173139462242011266e+00
-4.583148098837793505e+00;-2.460630375850453078e+00
-4.886437469343376527e+00;-2.255462733716075974e+00
-4.446768999143850820e+00;-1.444200685075195167e+00
-5.580477902770867082e+00;-3.106691164316044418e+00
-6.266350717868065523e+00;-1.511696496714235893e+00
-5.951087406227223653e+00;-2.405453083438950035e+00
-5.477051230760406675e+00;-2.042053837015636919e+00
-6.549023844677205553e+00;-1.848977122564937181e+00
-4.580887180932635694e+00;-1.929262330364270861e+00
-5.248708937358776971e+00;-1.922079866984973240e+00
-4.680762923487895577e+00;-4.218074205141320476e+00
-3.435270153399444304e+00;-1.687925341849658700e+00
-5.521926865909615678e+00;-2.312762700150080786e+00
-4.605006578120649507e+00;-2.092883151227493244e+00
-6.624547574225195135e+00;-3.484057109125444640e-01
-5.088432525785978378e+00;-1.183861830627360057e+00
-5.553639878227512483e+00;-7.708983566033618118e-01
-4.770925048886176079e+00;-1.512924932419639434e+00
-5.836202692917563439e+00;-1.031083768253839406e+00
-4.448145468372169731e+00;-9.585230163480011889e-01
-5.502470047713263313e+00;-2.384821694768630262e+00
-3.156866641852846378e+00;-2.848012658177237810e+00
-5.108759760542656458e+00;-1.090486909917843583e+00
-4.921820025828115064e+00;-1.533637056197365123e+00
-5.319559223410299964e+00;-1.703955289721984956e+00
-6.045221481388253437e+00;-6.734954563054493804e-01
-5.094531236102855409e+00;-2.544142563197480555e+00
-4.466893534374468899e+00;-2.368575829910842589e+00
-6.067406777122203110e+00;-3.077374004638044447e+00
-4.444981477847893991e+00;-2.127658750517013697e+00
-5.106961247734751019e+00;-1.137804955218989722e+00
-5.901460647005395188e+00;-2.584542202291860047e+00
-5.307903847345020409e+00;-1.924518728546340762e+00
-5.033737161032463270e+00;-2.229509753911925962e+00
-5.049301121676517567e+00;-2.085844221032939760e+00
-5.575683510841434654e+00;-2.650394390843262116e+00
-4.780386913820848349e+00;-2.712732066396422503e+00
-5.925884207352682509e+00;-2.249833800900554515e+00
-5.126133612931052852e+00;-1.946212021614324161e-01
-5.563760220684986990e+00;-1.245391420024404283e+00
-4.402249332636294810e+00;-2.951155964162988976e+00
-4.381397618077920164e+00;-2.947104512154654188e+00
-7.127337790397392681e+00;-1.514944380512495359e+00
-6.404712466750175359e+00;-1.639252430555268036e+00
-5.547208718189772902e+00;-6.723593630481021766e-01
-4.145192480547192915e+00;-2.362708643081110171e+00
-5.550270088822945702e+00;-2.971261922475296302e+00
-5.352738105834073501e+00;-2.224284396147607090e+00
-5.291754835513348354e+00;-1.874636915782108781e+00
-4.537182801816896927e+00;-1.720276434405460853e+00
-5.611315139125154339e+00;-3.150233179041262765e+00
-3.908374521518022782e+00;-2.551559347639950293e+00
-5.521834879948015029e+00;-2.416951449840888611e+00
-6.474455640125318823e+00;-2.382379203232389386e+00
-5.383724651206358125e+00;-1.503713361325190068e+00
-4.441234280714130733e+00;-1.996983288730984629e+00
-4.254521300708557163e+00;-1.728028012958990445e+00
-5.012545689282044137e+00;-1.871257465361421568e+00
-5.152522794865119771e+00;-2.315879611226760115e+00
-5.214186829515172761e+00;-2.902409065176005498e+00
-4.775646635746963575e+00;-2.794498888743664367e+00
-4.326694988741090597e+00;-2.199566864128759125e+00
-4.960404014679927087e+00;-1.604930578975234834e+00
-4.485348427949658046e+00;-3.256498726906762009e+00
-5.165522940931177587e+00;-1.295856870335374111e+00
-6.358484655545803221e+00;-1.690175619683949249e+00
-6.804451383521751495e+00;-2.818005474908482633e+00
-4.969095558527849121e+00;-3.325372081857563167e+00
-5.788408590147320787e+00;-3.177468005970869314e+00
-3.681492054233951983e+00;-1.868617795610132859e+00
-4.546167777717864844e+00;-2.178140080412123591e+00
-5.282745399005759346e+00;-3.293179350920826032e+00
-5.233469890198290564e+00;-2.609193769449298816e+00
-4.313660860566130850e+00;-1.087118506673941276e+00
-3.826737027540657810e+00;-1.317958448431014506e+00
-5.478923149538388770e+00;-2.892717588768315640e+00
-4.386669454683930880e+00;-1.714965746022168780e+00
-6.414830760541624599e+00;-1.715614565804984615e+00
-4.348384142009706466e+00;-1.952859528654696142e+00
-5.148042936807473602e+00;-2.646118790093084705e+00
-6.157227759650710119e+00;-1.359761640527977988e+00
-5.247291555817366948e+00;-2.186773329234954044e+00
-3.613823050464693321e+00;-1.452399114512647582e+00
-4.703339998975118341e+00;-1.886350555850211386e+00
-3.784004111387381464e+00;-6.243285540670442391e-01
-4.256395910816377359e+00;-1.534220326881660545e+00
-6.675682456964915801e+00;-1.901022468613194683e+00
-5.104085563354963107e+00;-1.924837416491544939e+00
-4.245563130141985830e+00;-4.191741733751644716e+00
-5.455449642776148522e+00;-1.784076516047390815e+00
-5.373476436842209658e+00;-3.133524890501007576e+00
-4.304829210482563617e+00;-1.778502475323097576e+00
-5.776883656355587426e+00;-1.748146236387341013e+00
-4.342731430360163181e+00;-1.995765882960511384e+00
-4.359548157255202838e+00;-1.937391859870670974e+00
-5.316183186123483395e+00;-2.927536413119930181e+00
-5.068744613577290004e+00;-1.844565649563382648e+00
-4.299333790730135441e+00;-2.092085974789781311e+00
-4.634067515023207129e+00;-2.771689610986982633e+00
-5.626103324662020455e+00;-2.088311439221510302e+00
-5.843702771188011624e+00;-1.343801730140254946e+00
-4.629495736545114148e+00;-1.776723388486037170e+00
-4.728876699827244678e+00;-3.831651508121618477e-01
-5.375091350373436327e+00;-3.761153028400446630e+00
-4.840559842482828223e+00;-2.040482832769332511e+00
-5.414015234008322963e+00;-2.783063887487015720e+00
-5.351351617441718389e+00;-1.854929256625742928e+00
-5.402253360514031044e+00;-7.003705636500101583e-02
-5.768403505306518575e+00;-2.634493890166137220e+00
-6.830896032011622765e+00;-1.798812467982770391e+00
-6.613125302239808434e+00;-2.431563706699601202e+00
-5.220536427648445610e+00;-2.567782372677510416e+00
-3.608901858036391186e+00;-1.204484486947600796e+00
-3.944690498958739688e+00;-2.705935054839935017e+00
-4.097124748388345061e+00;-1.603199242924830292e+00
-4.382875241058523663e+00;-1.176448936973786275e+00
-5.727010596767242667e+00;-2.339454096782321191e+00
-4.309923190937238857e+00;-4.124495274379945897e+00
-3.789337533941435687e+00;-1.557494348633932768e+00
-5.036563168528187973e+00;-1.823593875394261321e+00
-5.823948226647181592e+00;-2.279954691671283840e+00
-4.119772529423700647e+00;-9.615824221390230075e-01
-2.843020757949136001e+00;-2.059139733024331953e+00
-5.526842373444003087e+00;-2.411387172751990882e+00
-5.814433500229892360e+00;-2.062283804752680805e+00
-1.522017915214991968e+00;3.170616719736141675e+00
-2.034346113676760215e+00;3.075489074645967325e+00
-2.363256691383076813e+00;2.881879886491683251e+00
-1.974424227628883921e+00;3.029826596012562767e+00
-2.459184873319585130e+00;3.098286953770434504e+00
-1.916241052245736931e+00;2.886884638118166535e+00
-1.998747500275249944e+00;2.554952533989599761e+00
-2.443938684597304345e+00;3.040406178701471340e+00
-2.200316957274849106e+00;2.996533343932709759e+00
-1.748152798304718480e+00;2.947821020908453438e+00
-2.843200416448758983e+00;2.954803908593731876e+00
-2.144313206598210453e+00;2.929591693703124111e+00
-1.730080756228534078e+00;2.526440944217665852e+00
-1.926813012827604643e+00;3.471091173573369382e+00
-2.187782934490537290e+00;3.141698365855721153e+00
-1.710108266308759450e+00;3.063069431730628178e+00
-2.205529094099428100e+00;2.787143696787599989e+00
-1.776859953870205233e+00;3.177644727234520072e+00
-2.235940524521367490e+00;2.647058053691675017e+00
-2.384242014244698726e+00;3.498495558355431356e+00
-2.020383536117149603e+00;3.708068575696024105e+00
-1.833336319078837207e+00;3.131856696850139343e+00
-1.908118253508444884e+00;3.299744955059209506e+00
-2.289818955513220899e+00;3.648003932511220349e+00
-2.030090510783549629e+00;2.788979972342156888e+00
-1.909231699313473918e+00;3.327701662809239291e+00
-2.302266462734892549e+00;3.170060811732321238e+00
-2.214933247275943096e+00;2.848117940047653285e+00
-2.146844725626509298e+00;3.229062439945776131e+00
-2.332721819538313035e+00;3.057784833010383618e+00
-2.103025359224777624e+00;2.745836946612441487e+00
-2.364057080826344137e+00;2.639133502645199414e+00
-2.490138805295839308e+00;3.268850158124780414e+00
-2.072495948789366160e+00;3.047595579019872769e+00
-1.646543190655520794e+00;2.633964852920533950e+00
-2.282463702594714317e+00;3.076414661008135099e+00
-2.547223865624109962e+00;2.826387446100939282e+00
-2.277467921930140360e+00;3.098856732650860479e+00
-2.127744759909160788e+00;3.602444783813087525e+00
-1.718632588379181758e+00;2.744028454717406529e+00
-2.116194031237054851e+00;2.895724646125366952e+00
-1.008027695266831447e+00;2.546940106806557580e+00
-1.938938089878616156e+00;2.374670359391541474e+00
-2.002081232361776930e+00;3.572967168572703578e+00
-2.122536629502232319e+00;3.331366326441614678e+00
-2.019834567785961266e+00;2.873250384952369618e+00
-2.075496907683918923e+00;2.823929206445999540e+00
-2.187817481566947109e+00;2.600941676302651384e+00
-1.547959781315166872e+00;2.882077081261967155e+00
-1.911867706770274067e+00;2.737040444568064057e+00
-1.664902832175394920e+00;2.917933266627651179e+00
-2.027309800357341540e+00;2.451307009411216598e+00
-1.881207136658116452e+00;3.543451711446073737e+00
-2.260723275799973564e+00;2.862531253889255112e+00
-2.341497187464504748e+00;3.038748652272112771e+00
-1.980792740627951520e+00;3.211524330448340514e+00
-1.834557935959724162e+00;2.756245186144319792e+00
-1.932515585280687898e+00;2.901509667983257934e+00
-2.327309893213014291e+00;2.961943238111215848e+00
-8.595019355098654223e-01;3.694551190201783353e+00
-1.958052020669704518e+00;3.521657162403227126e+00
-2.013615009243881815e+00;2.984058498167555751e+00
-2.584871536288928962e+00;2.711968330216714129e+00
-2.235049779195942943e+00;3.032255709499628971e+00
-1.995804639542217096e+00;2.826317294582439743e+00
-2.176643959860153021e+00;2.950154059317614319e+00
-2.414423495204684578e+00;2.816208431889432262e+00
-2.114386960942488347e+00;2.625315320078137837e+00
-2.099071367979363334e+00;2.749557850939647441e+00
-1.629385282397156853e+00;2.926858860858263522e+00
-2.056863700476972756e+00;3.128408432106410064e+00
-1.832909504947811241e+00;2.479127458709954546e+00
-2.113035232732260571e+00;2.727290302124372623e+00
-2.043551073257965367e+00;2.839100243640325871e+00
-1.952879161142657471e+00;2.705862226331353426e+00
-2.170330172456055973e+00;2.822652099323294195e+00
-1.675222588858731987e+00;3.110401097784162960e+00
-1.889333387724300373e+00;2.914104515756992253e+00
-2.115415355628066152e+00;3.168300866549291328e+00
-1.766769819861864654e+00;3.004544035688652137e+00
-1.657505616357169531e+00;3.382246508254555195e+00
-2.499409411816674531e+00;3.129113665434914981e+00
-2.012780578547311183e+00;3.116486644190472610e+00
-1.665207041591977299e+00;2.723838551072567782e+00
-2.486082230726768483e+00;3.331857441855313517e+00
-2.299545393479123678e+00;2.794134145823689241e+00
-1.938613731974104804e+00;2.794169453651593304e+00
-2.477663188494679147e+00;3.010256930224717742e+00
-2.234445397688557655e+00;3.179357963361080675e+00
-2.151822966823596417e+00;2.793466158383760778e+00
-2.063000161733062665e+00;3.315646043051601044e+00
-1.727628775508694758e+00;2.672032145262084324e+00
-1.160087705273924907e+00;2.902267102624491280e+00
-2.345724718687850263e+00;3.266469597014633575e+00
-2.108501737206305737e+00;3.646115852351894837e+00
-1.745777493355539889e+00;2.940384046107369365e+00
-1.527407936680338807e+00;3.254734563441133322e+00
-2.368668559080466807e+00;3.266518232871721050e+00
-2.154946232584534993e+00;2.975002114425997490e+00
-1.960683665234761452e+00;2.736271196320121835e+00
-2.400002683667210590e+00;3.110335203276088922e+00
-2.416470049600958792e+00;2.227439211969220345e+00
-2.250831681311428856e+00;3.099327726446519549e+00
-2.080964340070989405e+00;3.380139282186021443e+00
-1.944873951370493348e+00;2.770107104415875821e+00
-2.131875065143848058e+00;2.569037592219246324e+00
-1.674260832588220671e+00;2.585669974175112795e+00
-2.276122289635780671e+00;2.951914133871411661e+00
-1.999294020652753412e+00;2.549204890947063262e+00
-2.271660738565848714e+00;3.079512180671795551e+00
-1.661082992300901839e+00;3.104701068627052418e+00
-2.007742928477256328e+00;2.531277379838960506e+00
-2.185202703965626991e+00;3.156448272393316046e+00
-1.675715999043533744e+00;3.266812772446576307e+00
-1.958578506666317942e+00;3.361380139994753602e+00
-1.135561786050810928e+00;2.821841425385193780e+00
-2.228934738603510990e+00;3.455544877733916387e+00
-1.929360642384374103e+00;3.033692306528180893e+00
-1.882287701702262339e+00;2.803654048444512270e+00
-2.310438585425176772e+00;2.766855747135506860e+00
-1.626216122950695731e+00;2.569007800594625746e+00
-1.850403606305435211e+00;2.832693761992347348e+00
-2.106010066614603549e+00;3.222885292982499816e+00
-1.746803325992631439e+00;3.102892961360080637e+00
-2.561935898709801762e+00;3.471289412602737379e+00
-1.606941044840132005e+00;3.027431049957344023e+00
-1.996922654912176576e+00;3.540434762586046613e+00
-1.715832718611881802e+00;2.991211678927524265e+00
-2.087701602755343444e+00;2.941938866696692134e+00
-1.646830383680850440e+00;3.311997535412006144e+00
-2.484026903449640944e+00;3.139392719659819253e+00
-1.740763600586717752e+00;2.548061050208484613e+00
-2.000889425431496615e+00;2.466886918087044300e+00
-1.961152149217583851e+00;2.375029649426115608e+00
-2.204523657112375190e+00;2.816680225651459590e+00
-2.212654946042782012e+00;3.435458405092369993e+00
-1.839346829078268852e+00;2.880129341902979867e+00
-2.279923352268230285e+00;2.928367104946430377e+00
-2.308733890489794494e+00;3.291924001244899589e+00
-1.400970199535664262e+00;3.315959969424633336e+00
-1.900492896336455351e+00;2.950311365012056264e+00
-2.121531886838438297e+00;3.523585371806277955e+00
-2.172780682256460594e+00;3.468329567068725083e+00
-2.339461772606044487e+00;2.911130503680537718e+00
-2.514216977816235765e+00;3.047770260368483974e+00
-2.379118286562861950e+00;3.499514822037132600e+00
-1.876318318501678961e+00;3.161219024063045335e+00
-1.915196465250569080e+00;2.672237755682658644e+00
-1.962764513679851941e+00;3.551124206360323221e+00
-1.997433522198106770e+00;2.694895139512555993e+00
-2.555702797008510885e+00;2.786001902882377035e+00
-2.528668669262263524e+00;3.249155210712779240e+00
-1.765649820145326343e+00;2.737295451833834825e+00
-1.815805607459172188e+00;2.827063604112905360e+00
-2.013684284832457649e+00;3.111586665469493695e+00
-2.133188002711847719e+00;3.125461004595934789e+00
-2.505718415140265609e+00;3.035242496396390877e+00
-2.010485606716320373e+00;2.386082059125566701e+00
-2.542907057819446148e+00;2.442142918311922095e+00
-1.875707949822814635e+00;3.037187888061498420e+00
-1.917812726847787808e+00;2.602086452247551751e+00
-1.658307856800120383e+00;3.294852365945216910e+00
-2.230088910506998534e+00;3.352818082936138921e+00
-2.075276719034348183e+00;2.467138492796990601e+00
-2.489808429845267845e+00;3.220117046356501866e+00
-2.031214643200693892e+00;3.264367483936179148e+00
-2.026511937419723797e+00;3.080301268008233784e+00
-1.362942073105947838e+00;3.419054726289420199e+00
-2.129848180583123085e+00;3.112490617410938132e+00
-1.851666367081463260e+00;3.228417350248832030e+00
-1.978697358443591181e+00;2.851940444851489342e+00
-2.001086845170950479e+00;2.855913867156487207e+00
-1.494989815628062102e+00;3.372217871650596610e+00
-2.061084505663816291e+00;3.128487678208143663e+00
-2.049637779270706783e+00;3.357972340790463583e+00
-1.685335845074602101e+00;3.170583249813266224e+00
-1.738620719115642199e+00;3.198171242412473525e+00
-1.647781443857510242e+00;3.159339411998759228e+00
-1.954429841265643120e+00;2.826832312920228407e+00
-2.471525221247954818e+00;2.991645485847986397e+00
-2.222316660021238732e+00;3.018002720087137103e+00
-1.657853472743872958e+00;3.051847402632105855e+00
-2.124500501332887037e+00;2.744061412541507483e+00
-2.429040562227179567e+00;3.399841600607246495e+00
-2.533007305678774745e+00;2.719565092130681982e+00
-2.693960580109119984e+00;2.905157527275085361e+00
-2.102685367928174287e+00;2.878711673811151783e+00
-2.018938969992920551e+00;2.753620477674672440e+00
-2.274096692146620136e+00;3.545347923978322768e+00
-2.100218884509011286e+00;3.272297587484029435e+00
-2.251031312795896522e+00;3.483818578425625923e+00
-1.545745360697660775e+00;3.069305604665182763e+00
-2.329859477890845021e+00;3.026100415718298020e+00
-1.985808649987682806e+00;3.071887174226849204e+00
-2.293466184859901169e+00;2.543099959146211564e+00
-1.951291088785389594e+00;2.996912605099884441e+00
-1.999377493424190133e+00;3.308040173655290239e+00
-2.442548144909409746e+00;3.303208114796341466e+00
-2.222968262005195150e+00;2.881433380244982079e+00
-2.247733808975381109e+00;3.026885957351775680e+00
-2.571745362439978422e+00;2.829574283913841803e+00
-2.154726963585605670e+00;3.379179060708958460e+00
-1.954790556863834627e+00;3.208655493448890894e+00
-1.998218355684049152e+00;2.685329888561185818e+00
-1.727838539545025753e+00;2.746367597379729908e+00
-2.157873002231827542e+00;3.054629933642869943e+00
-1.716338363165868186e+00;2.939584637015176583e+00
-1.546842580405017431e+00;2.828556475484370392e+00
-1.800323213913610498e+00;3.001084890285210971e+00
-1.535998448536274097e+00;3.064321803978294678e+00
-2.563193845416829042e+00;3.326500562942852124e+00
-2.024464554002158412e+00;2.834081426679484927e+00
-1.633110571423748381e+00;2.900607409191149344e+00
-1.820003977051297461e+00;2.769485004210696655e+00
-2.250839038048396468e+00;3.543174528175083271e+00
-2.236109821178805745e+00;2.824568719074759482e+00
-2.512496237560304824e+00;3.488994673202347130e+00
-1.880600503011470526e+00;3.071333890035778946e+00
-1.707458476826411609e+00;2.601199029199719792e+00
-2.162314034575901101e+00;2.972568680625146786e+00
-2.464541315218538031e+00;3.393428137904985320e+00
-2.005528715058010114e+00;2.903013409123349930e+00
-1.929132353129515032e+00;2.774225314698960165e+00
-1.986466098856110030e+00;4.028261564100747982e+00
-1.818595390926259547e+00;3.500493317890297718e+00
-2.106524936736775988e+00;2.774529302960718535e+00
-1.907088923188502205e+00;2.597488516972789707e+00
-2.692087329633738424e+00;3.219477751506641727e+00
-1.807598556508331233e+00;3.250155366525921519e+00
-1.991549038043000985e+00;3.593511809963898518e+00
-2.026198456117284330e+00;2.833810577762826632e+00
-2.901949614502197683e+00;2.985850239704027409e+00
-1.750436664482096560e+00;3.002058359561849521e+00
-1.662733479665971847e+00;3.688464349876617199e+00
-2.052005062513159839e+00;3.369376067877992487e+00
-2.475755772554007361e+00;3.309395731306987720e+00
-1.980952855883969299e+00;2.933582850495880745e+00
-2.049019676001946788e+00;2.953108959498407238e+00
-2.092640872803575025e+00;3.059601891044899435e+00
-2.052287640219920828e+00;2.653262256311039291e+00
-1.874883833302362746e+00;2.817639615483159776e+00
-1.685604015562361058e+00;2.989851910028285875e+00
-1.961892814003642904e+00;2.385230426026600181e+00
-2.377004038450436507e+00;3.281884318052235017e+00
-2.220145017807853449e+00;2.840268702300315251e+00
-2.083381990180483978e+00;3.409122777848202723e+00
-1.887758600659525055e+00;3.393079381014998397e+00
-2.080324339259357558e+00;3.063952879129917317e+00
-2.360973036612792786e+00;3.353409370543011470e+00
-1.967405538891543904e+00;3.013238729638882507e+00
-1.898505338232302053e+00;3.434037622176096871e+00
-2.064348531946576859e+00;3.498911687326471842e+00
-2.255456775321137641e+00;3.126655382390727489e+00
-1.397234431647537356e+00;2.853055580622419818e+00
-1.926423243966973953e+00;3.263251518850930122e+00
-2.041369909669612071e+00;2.549894017150700964e+00
-2.316787807720686931e+00;3.174279776656150354e+00
-1.732545404003226652e+00;3.235366600296298856e+00
-1.656070395839646547e+00;3.021595558480806520e+00
-1.937530048786697989e+00;2.544339402252741245e+00
-1.904801313889298964e+00;3.183804235617329503e+00
-2.174963388444795864e+00;3.193200509668473241e+00
-2.544766653355347241e+00;3.225329879338361128e+00
-1.909914702913759754e+00;3.633182560076405831e+00
-1.576074338940419928e+00;3.452094107567559078e+00
-1.754780871089550276e+00;3.193984684174577371e+00
-2.354489394473878505e+00;2.899472609894464092e+00
-1.451981458801740565e+00;2.563150665383072901e+00
-2.135084550443938856e+00;2.574229775755598748e+00
-1.564714455790361836e+00;2.830265601436316558e+00
-1.536639690220612309e+00;2.875871251884210444e+00
-2.151239624049121613e+00;3.383558756695399516e+00
-1.718350482081867137e+00;2.185115907234727928e+00
-1.864657763042840033e+00;3.180050063475687860e+00
-1.937057920729726712e+00;2.802702598852567561e+00
-1.991477466608123192e+00;2.880581555710300723e+00
-1.936603091717007397e+00;2.939281721141679959e+00
-2.186578447471683617e+00;3.049131133891384238e+00
-1.759268326944682048e+00;3.086701767718609712e+00
-2.166092716979369559e+00;3.100876206111123246e+00
-1.679062282442310261e+00;3.478621250572857093e+00
-1.637734224752169121e+00;3.161214058007709493e+00
-2.302737209364166038e+00;2.590334181923738655e+00
-2.060714364115721509e+00;2.577244565533151288e+00
-2.235435418718188405e+00;2.948963308574650277e+00
-2.145263126521670838e+00;2.901624583106874766e+00
-2.398401388189432826e+00;3.069440027937963222e+00
-1.701047584679927782e+00;2.835558759663248996e+00
-1.782273396742636073e+00;3.798818014115423303e+00
-2.027543309040335640e+00;3.195363002384858486e+00
-1.940968972973793338e+00;3.290887118767213959e+00
-2.515594962983628502e+00;2.682912969616435550e+00
-1.956960821578585863e+00;3.266088769847539375e+00
-1.960842792240517829e+00;2.500628024709707020e+00
-2.247083982937518432e+00;2.761588164720834904e+00
-1.883302416499085696e+00;2.771388312047871949e+00
-2.204242131440231400e+00;3.325424272991311270e+00
-1.599405116960423090e+00;2.876017558399188268e+00
-1.872529198295038277e+00;2.435554860440597658e+00
-1.940501882193397476e+00;3.356993414938748366e+00
-1.841965488422795172e+00;3.030318253307241694e+00
-2.116592892041790908e+00;2.805962395322579628e+00
-2.053724721558140676e+00;2.534567658529106815e+00
-1.516862306510526892e+00;3.169263192118445094e+00
-2.030731110263984895e+00;2.814058567551798173e+00
-2.021101886047322882e+00;3.239338482678852937e+00
-1.696565632634316145e+00;2.728892720980277353e+00
-2.292058628052096481e+00;3.623468988842482474e+00
-1.659022142685294243e+00;3.212555982248401776e+00
-2.041593873115211011e+00;3.277206101478834732e+00
-2.381969952749334762e+00;3.459530526460512068e+00
-2.010731667421147950e+00;3.237258450647625629e+00
-1.806134667531447136e+00;2.960528726621421747e+00
-2.052609906529240469e+00;3.366474942382795099e+00
-1.692050778625223462e+00;2.468330664005873309e+00
-2.507721721116937363e+00;2.716133813893152560e+00
-2.268063619489910643e+00;2.664442238223830639e+00
-1.918366807021313569e+00;2.860888665859808278e+00
-1.638162613471348950e+00;3.435863329655116871e+00
-2.008604971249277948e+00;3.505037384601867867e+00
-1.992735706957783126e+00;2.869562805975029551e+00
-1.980564278211825791e+00;3.283458000597919924e+00
-2.484338291809969235e+00;2.937420203332663515e+00
-1.910778301904938692e+00;3.108925399571562664e+00
-2.110530902996873515e+00;3.146635722793041268e+00
-1.912363514614741078e+00;2.822427565958281814e+00
-1.345520411318367637e+00;3.131865061809392170e+00
-2.099355005052149004e+00;2.828484289956468167e+00
-1.691177324530725334e+00;3.030617937319220356e+00
-1.235566190655442931e+00;2.869222763114373631e+00
-2.372782081535687038e+00;2.991690462349919422e+00
-1.947479762348766963e+00;2.364464809607911278e+00
-2.092750554314443789e+00;2.889475367583721255e+00
-2.110629060861665351e+00;2.810932275710818384e+00
-2.402957762926531959e+00;3.227411415426527430e+00
-2.175152253196902752e+00;2.692889564279743464e+00
-2.227980280345372321e+00;2.858303028075913410e+00
-1.967405862586091958e+00;3.200501695908146704e+00
-2.285953849404521065e+00;2.856210780733670074e+00
-2.403652318405992361e+00;1.982310001973287328e+00
-1.953261820780523239e+00;3.456001055250223164e+00
-1.843375023994152873e+00;2.847882013157103209e+00
-1.971056257218429364e+00;2.647553969701481602e+00
-2.036687707409774006e+00;2.871687224082727141e+00
-2.255814269620215029e+00;3.121695668941395940e+00
-1.220039850686283067e+00;3.499634851930414570e+00
-2.021621906396628532e+00;3.265234396414758322e+00
-1.741187769779112271e+00;2.805738592294254374e+00
-1.806828777949815557e+00;2.567702370448154525e+00
-2.241589517555474753e+00;3.071625861121839218e+00
-2.124436298707137905e+00;3.526943592909066449e+00
-1.805587869633396458e+00;2.885388563650208571e+00
-2.141173913934044659e+00;3.056091182463985145e+00
-2.316659386592654801e+00;3.178683585988364424e+00
-2.412590584983642650e+00;3.186903058788221887e+00
-2.049378419594123812e+00;3.124384055427379625e+00
-2.303775777601388963e+00;3.073495562126435043e+00
-1.276295677546203766e+00;2.862834974261800447e+00
-1.904780041901292797e+00;3.451670084927192406e+00
-1.771488756541959697e+00;3.129565645243389316e+00
-2.304106781756357414e+00;2.616723488311004875e+00
-1.983970267795262199e+00;2.861029243406039591e+00
-2.005717464132587224e+00;3.061697002205855167e+00
-2.202928351652865491e+00;3.148230907804175693e+00
-1.442433143422669151e+00;2.697197703785866985e+00
-2.140863907556273205e+00;2.985116802396000857e+00
-1.657862097817822455e+00;2.644085399795489622e+00
-2.319544431315224475e+00;2.350901696155091258e+00
-2.132108663964154882e+00;3.204043729806549834e+00
-1.680432587306557757e+00;3.107146098392319367e+00
-2.180287093814737176e+00;3.211941484110711897e+00
-1.938704422815165307e+00;2.423788320321020873e+00
-2.368428449784661716e+00;3.453559591558889252e+00
-1.903338475107418493e+00;2.587561683447426208e+00
-1.754014067581464609e+00;3.318430487928791806e+00
-2.130510208837907538e+00;3.197304628916035618e+00
-3.122030191385533726e+00;3.292073038556447173e+00
-1.647453382424037382e+00;2.662589185570880090e+00
-1.915374380145408617e+00;2.898563837085768480e+00
-2.030758844231248084e+00;2.872535866639479352e+00
-2.399688640056446332e+00;3.567121110924496463e+00
-2.093093254873764852e+00;3.031426513278669077e+00
-2.302820174075429271e+00;2.688939851662695890e+00
-1.876220475477350158e+00;3.157917624045333937e+00
-1.736622749202576532e+00;3.331132200748106342e+00
-2.063062262150228587e+00;2.866739080802115147e+00
-1.775955850145320092e+00;2.808768238970869469e+00
-1.738472451230651306e+00;3.112350086172686936e+00
-1.653492069624950656e+00;3.201117506654349132e+00
-2.316333747167348189e+00;2.740309907524192123e+00
-1.780254410897783579e+00;3.572116752725332134e+00
-2.396843510234905494e+00;3.006963481297582064e+00
-1.915497632755852608e+00;2.542266746440335901e+00
-1.856562501091095996e+00;2.972063162385768731e+00
-2.628967244364694533e+00;3.486518393474878685e+00
-2.258962465721321866e+00;2.615248975711487400e+00
-1.873957513336491854e+00;3.167246038771469152e+00
-1.779076578891118476e+00;2.884198991337206586e+00
-2.003274301367273136e+00;2.780757971047840282e+00
-2.393059191689662413e+00;3.323739194716270884e+00
-2.030828805505338064e+00;2.945305723373113249e+00
-2.599780277598599643e+00;2.946488668715899095e+00
-2.252748349127434935e+00;2.947615904055055136e+00
-2.065773245557061877e+00;2.866060562600110995e+00
-1.718348407126658373e+00;3.134116245697247116e+00
-1.661853645658536216e+00;2.602551789012082839e+00
-2.194686778234344438e+00;2.987915754503314147e+00
-2.121991690971030131e+00;2.976222682350978754e+00
-2.354631019792496893e+00;2.785146582821327765e+00
-2.492466186455603694e+00;2.732992334468028250e+00
-1.791746983882395838e+00;2.935737934570215035e+00
-1.548274028372747635e+00;2.821339837708296105e+00
-1.964278675738301283e+00;2.636024300954274757e+00
-1.219798438874778679e+00;2.946413820389862881e+00
-1.751111047910175467e+00;3.124015506260145791e+00
-2.175163644451783007e+00;2.600729615539292716e+00
-1.953157062638357866e+00;2.832963076691000115e+00
-2.046651290447519589e+00;3.195390617639214614e+00
-1.976527653247886152e+00;3.113134889210578571e+00
-1.954986027183268416e+00;2.559825200204847828e+00
-1.581181341289598308e+00;3.352755688930425748e+00
-2.340849456277015239e+00;3.151590183428151448e+00
-2.198607281048557294e+00;2.775925098881018904e+00
-2.001452498400514202e+00;3.524300469149309389e+00
-1.682612731555434449e+00;3.181566407499557325e+00
-2.345181690726215074e+00;3.766334825625412996e+00
-1.737880686301797262e+00;2.295348774025466554e+00
-1.880157699437452479e+00;2.853391585224574811e+00
-1.877005293215309845e+00;3.120192110042857792e+00
-2.275555722941031256e+00;3.547765725692308081e+00
-1.940064613574172814e+00;3.282404371953122624e+00
-1.594572930575539171e+00;2.778552720614404059e+00
-2.273530545441956985e+00;3.336572204654329799e+00
-1.582148770172942864e+00;2.586894428762658737e+00
-1.396627044152701558e+00;2.929349005699843911e+00
-1.792464641446284812e+00;3.169316462731417872e+00
-2.291402695949998236e+00;2.740785558315832038e+00
-2.625077701788477214e+00;2.654654959312031881e+00
-2.444742788222787233e+00;3.012057154731087927e+00
-1.589179354183375414e+00;2.991856520800057595e+00
-1.898343751345179076e+00;3.233401063010378440e+00
-1.796087167693910081e+00;2.884250549966549393e+00
-2.439003518250050018e+00;2.871058346987804821e+00
-1.981112193420828449e+00;2.738506436168757219e+00
-1.891411786789685356e+00;2.912186371217357461e+00
-1.813453541746732345e+00;2.759028157144552296e+00
-2.276590297792814965e+00;3.532216901311181267e+00
-1.991373128685894223e+00;3.165889154818660955e+00
-2.329526675867645835e+00;2.886820663355362360e+00
-1.795349155157715426e+00;3.469684757893825466e+00
-2.217345522439863270e+00;2.759124776568310011e+00
-2.006800682103304201e+00;2.542681455075341379e+00
-2.009039991943287973e+00;2.980581484615381971e+00
-1.782575254901221928e+00;3.424382922806691099e+00
-1.829046704659972766e+00;3.222465315287906584e+00
-1.984316314659709590e+00;2.892076627057152294e+00
-2.598793060747029315e+00;2.734133754247614956e+00
-1.934819994592001047e+00;2.506321882863002504e+00
-1.927133053165019039e+00;2.879749586919614579e+00
-2.306467955774507139e+00;2.858992705003498891e+00
-1.781365543621520109e+00;3.265650332885843277e+00
-2.581106422234771713e+00;2.955154796355398794e+00
-1.725834602514948024e+00;2.922631542117192893e+00
-1.967355418725736049e+00;2.551376737421919394e+00
-2.144010097045488727e+00;3.548632628816467793e+00
-2.236420410354604815e+00;2.567810297041194900e+00
-1.955158472432478201e+00;3.236588799919721815e+00
-1.641856852812423107e+00;2.844683207362418642e+00
-1.933257327011384197e+00;3.163306463485617837e+00
-1.805236841649736412e+00;2.835839176797136929e+00
-1.486182520731291756e+00;2.793810893234780490e+00
-1.787638352392059593e+00;2.993426629156342500e+00
-2.176165569207356487e+00;2.807144610311229638e+00
-2.175904073276070161e+00;2.865938680484010792e+00
-2.305665679806772950e+00;3.209222910963530850e+00
-2.211054594686066466e+00;2.815493745389851643e+00
-1.853392822637530024e+00;2.967611417059905499e+00
-2.426571090583673485e+00;2.719197150436720278e+00
-2.058967173326298195e+00;2.827503648789759794e+00
-1.774855238824088133e+00;2.770679391302756311e+00
-2.290138121312963460e+00;2.696836137366412700e+00
-1.878002825912708174e+00;3.145041517825720057e+00
-2.501733376271264131e+00;3.186622558955430673e+00
-1.741708018851216178e+00;2.492700671457285466e+00
-2.207129428808288107e+00;3.428667727307392887e+00
-1.698169488192425192e+00;3.007437797775312394e+00
-1.849625181113170536e+00;3.633605887086022168e+00
-1.849160907964213507e+00;2.633757341574332500e+00
-1.590518300119752038e+00;2.738718332812614342e+00
-1.701829329245649669e+00;3.196881198287066628e+00
-1.733145934098271557e+00;3.462279892622747379e+00
-2.439774298552385812e+00;2.979123433518360731e+00
-1.416185149236236285e+00;3.292914523355984002e+00
-1.946852498797606135e+00;2.693048060991314774e+00
-1.967983852114412624e+00;2.726435610436796608e+00
-2.440510086939327916e+00;3.172943610917565938e+00
-1.980408318398495515e+00;2.767946159171786658e+00
-1.881515543311325755e+00;2.848833033663555447e+00
-1.466132274737785846e+00;2.990828266689012693e+00
-1.526873536258971154e+00;2.756159369748333088e+00
-1.815995250378909187e+00;3.553109992943270345e+00
-1.918672705335241702e+00;3.340934288115454454e+00
-2.521499560452395095e+00;3.212140423296278247e+00
-1.990884160560535188e+00;3.229500593215352211e+00
-1.739700434596066270e+00;2.323124964656874347e+00
-2.133080821881829792e+00;2.798993015820161467e+00
-1.954350742998290480e+00;2.417839980849084913e+00
-2.327152600244509983e+00;3.300576211058300125e+00
-1.946932266184289384e+00;2.673595637575005846e+00
-2.075965210116640591e+00;3.329481917317753670e+00
-2.551870035790394287e+00;2.936571415937322183e+00
-2.068898972987243123e+00;3.056093824340714082e+00
-1.848866160149634563e+00;3.573102750476413014e+00
-1.833865641672016711e+00;2.823755559801732318e+00
-1.622615017116220804e+00;2.742399480570621328e+00
-1.869143871397491719e+00;3.471438915392917046e+00
-1.676805535589699359e+00;3.243326902996356953e+00
-2.669461291616529230e+00;2.969699244808387206e+00
-2.176212519964767278e+00;3.397460481443616231e+00
-1.747805456558571890e+00;3.078331854468887130e+00
-1.761667505509634912e+00;2.805115054046389833e+00
-1.809714646884939881e+00;3.028500798742449707e+00
-2.504962042104445175e+00;3.103213841398477335e+00
-1.787852590810019571e+00;3.358024375542190132e+00
-1.841783441730497906e+00;3.302011177176701118e+00
-2.519698199624982315e+00;2.887976351144903475e+00
-2.042753119124050887e+00;2.901077290571244749e+00
-2.026712635848949784e+00;2.826781125378369453e+00
-1.779150356226494312e+00;2.702638335458255270e+00
-1.962447616491114655e+00;3.021945813952049420e+00
-1.956818829686139072e+00;2.715682704682480075e+00
-1.580231022594394741e+00;2.932162882093639400e+00
-2.431656249454035024e+00;3.240390305489108336e+00
-2.000999433780111580e+00;2.970917532702772146e+00
-2.028761435015300485e+00;3.118631089179086935e+00
-2.015972912638373860e+00;2.767950125251662730e+00
-2.425755652368093429e+00;3.091035579778389053e+00
-2.455462011556830415e+00;3.335912317574660779e+00
-2.286158288526249915e+00;2.745115793410246141e+00
-2.294569907914213669e+00;2.591076699553288343e+00
-2.231779567898747985e+00;2.914912364323046567e+00
-2.698281212810345053e+00;2.266431752766389529e+00
-2.214759478197052545e+00;3.265019052736819916e+00
-2.390131956980024786e+00;2.977098274776407649e+00
-1.570832955326010971e+00;2.602977425032835690e+00
-2.131506849850027585e+00;2.777054255643370162e+00
-1.732409725400630984e+00;3.139161829568555717e+00
-1.814701745979563796e+00;3.748925118827956204e+00
-1.511157433157279906e+00;2.970286589492880047e+00
-2.060597586577448403e+00;2.565352233399069259e+00
-2.514249406229763562e+00;2.985107528766637763e+00
-2.389818639014757551e+00;3.187606628814805276e+00
-2.237515786316849109e+00;2.825116981648506886e+00
-2.465804162317749348e+00;3.633046057265670647e+00
-1.772351135293069424e+00;2.787020927679125126e+00
-1.954655890356153058e+00;3.396927392394355927e+00
-2.278347522268072467e+00;3.571979604811835518e+00
-2.309652468323838193e+00;2.946791555018550834e+00
-2.495113518694149768e+00;2.238446662183612101e+00
-1.696972765839253272e+00;3.025710627604018210e+00
-2.520158294094358986e+00;2.507819638461017853e+00
-1.656391580102925420e+00;2.954821467443183636e+00
-1.570567025871026479e+00;3.190976030470890734e+00
-2.019968854266151137e+00;3.009698994230476821e+00
-2.166522094173993995e+00;3.029335832768702552e+00
-2.018295494602965423e+00;3.251255001797670907e+00
-2.049025532322823917e+00;3.247066647560621355e+00
-1.723810312767531716e+00;3.054228782094714045e+00
-2.393890500199755245e+00;2.951856988184315078e+00
-2.571822393795850648e+00;2.638013513594259063e+00
-1.780874500051909504e+00;3.148467836828260147e+00
-2.000962663530496677e+00;2.909270052900772008e+00
-2.221820283866084544e+00;2.846156375117446569e+00
-1.710424544817798598e+00;3.143003777207950211e+00
-2.411364948062201918e+00;3.059655852769366469e+00
-1.958011151093536739e+00;3.494602042013425169e+00
-2.527265524845228484e+00;2.765061138271025953e+00
-1.707912249135067340e+00;2.666720332676327576e+00
-1.284313510297268257e+00;2.646316733363514917e+00
-1.991263356434263221e+00;3.167864267386499844e+00
-1.735688857241526328e+00;3.214562545426513651e+00
-2.138623260885672561e+00;3.273962101692848403e+00
-2.226395746339308257e+00;2.839506857201150147e+00
-1.863007261647574353e+00;3.452873087376798988e+00
-2.068451371223086532e+00;2.732897540293448113e+00
-1.637068427806031234e+00;2.620559990250216131e+00
-1.448545553288995258e+00;2.704775193462532812e+00
-1.807715465953610767e+00;3.278007367657362003e+00
-1.764489783661152833e+00;3.068100791291991314e+00
-1.985141134439603716e+00;2.504045849581703287e+00
-2.234245891313698884e+00;3.217393406206673578e+00
-1.800989250014778387e+00;2.688635608316708225e+00
-1.895906294031475703e+00;3.075609296577038076e+00
-1.474724347264020352e+00;2.874479652079113379e+00
-2.155957180440894128e+00;2.722967109502155036e+00
-2.299783541245821183e+00;3.112484508468326805e+00
-2.211302341723693665e+00;3.322411157391051972e+00
-2.188189718394367933e+00;3.460198702561025019e+00
-1.874682362623067311e+00;3.077515087919955317e+00
-2.345128568850038953e+00;3.098734255859700415e+00
-1.986343407042971965e+00;3.189624781012878607e+00
-2.153254189477519009e+00;2.563911037108105528e+00
-1.917433520334528296e+00;3.041936174009767235e+00
-1.926832291840176348e+00;3.301695048743004790e+00
-2.281892189838689244e+00;2.285474958691481095e+00
-1.857491899295919069e+00;3.121773756060931326e+00
-2.143116891745850516e+00;3.051179460469165772e+00
-2.314334242917569728e+00;2.368140836401041671e+00
-2.507873434515683453e+00;3.012708341963107106e+00
-1.585186875561884978e+00;2.883144483508472078e+00
-1.755818626949802841e+00;2.821700408557628936e+00
-2.016631706863709628e+00;3.238968217157569995e+00
-1.960046034467214371e+00;2.837496495389919993e+00
-2.259590709057251789e+00;2.972241562522880187e+00
-1.645369372170096600e+00;2.528803621895258757e+00
-1.742200771542002258e+00;3.085094097839335969e+00
-2.290733680070219158e+00;2.994487881263692586e+00
-2.061210634019460031e+00;2.715677890534363481e+00
-2.161830532956105166e+00;2.623113809763933713e+00
-2.621457076223187244e+00;3.045370931297979755e+00
-1.686653164984759146e+00;3.490004718392390792e+00
-2.333413564356767278e+00;3.644209549539099147e+00
-1.542107980047386473e+00;3.427042510216184557e+00
-2.235699917770085587e+00;2.831324512475564159e+00
-2.581507225369833236e+00;3.057347771017973503e+00
-2.118080877176669041e+00;3.048537206415491418e+00
-2.250355410592407068e+00;3.201861140442678000e+00
-1.897043567115269225e+00;2.656763076093684006e+00
-2.013766383653386782e+00;3.085405350295757465e+00
-1.397467533136528495e+00;3.028734254129701320e+00
-2.282122699146310829e+00;2.905121084468330395e+00
-2.009367039761725593e+00;2.959921413408931556e+00
-2.552441567905774811e+00;2.900526931435643885e+00
-2.207992668387443125e+00;2.921846111630499898e+00
-1.363711278395318249e+00;2.750312817785636188e+00
-1.568617698769958491e+00;3.348185443303047570e+00
-1.794950654307328586e+00;3.000933125511386468e+00
-1.803681973732734312e+00;2.865024066536475900e+00
-2.163937739423701156e+00;2.775641498357441783e+00
-1.917829522715853052e+00;2.937068825407233685e+00
-2.071875519799585064e+00;3.426068643814426995e+00
-2.211424553534737658e+00;3.220609468596932867e+00
-2.156578285142642049e+00;2.522341492270951946e+00
-2.427785134352115293e+00;2.852534288205040180e+00
-1.811116553088368386e+00;3.192535918298898157e+00
-2.072206145802231170e+00;3.185526512656536635e+00
-1.977121066977273189e+00;2.921552904228584602e+00
-1.743580620058287067e+00;3.356368170107943971e+00
-1.695191782220388577e+00;2.907938111703407102e+00
-1.829687711642556724e+00;2.361226298540567647e+00
-1.941479923180030598e+00;3.108300709720576815e+00
-1.954407440313262523e+00;2.933318181013481407e+00
-1.608568044124322194e+00;2.972028689777695298e+00
-2.041861380645841884e+00;2.927718976045257104e+00
-1.689768386204878681e+00;2.912262112863097663e+00
-2.250304810395970634e+00;2.967372437517924233e+00
-1.487685872637375617e+00;2.909794165539143940e+00
-1.815268509729393909e+00;2.916566778355208722e+00
-2.083024044411971865e+00;2.831747584869210854e+00
-2.364891217803625878e+00;2.967065511476965511e+00
-1.784463274228857754e+00;3.472857889070598780e+00
-1.867439151123933438e+00;2.754941676506369674e+00
-1.776348620026890313e+00;3.136208752157514823e+00
-1.580491042718057848e+00;3.626883136799075924e+00
-1.635617673435791675e+00;2.882172540371637837e+00
-2.047768863110150939e+00;3.347382158821990306e+00
-2.152307940780972650e+00;2.957854960669697331e+00
-1.809697927782417670e+00;3.321181816376332918e+00
-1.933126769233432851e+00;2.132244053400258910e+00
-1.898190210595642746e+00;2.906385241400367025e+00
-2.292776299138461482e+00;3.007239049836255784e+00
-1.663860755042285478e+00;2.661036831181851969e+00
-1.523023102580816523e+00;3.293619030216750954e+00
-1.719750912465092263e+00;2.755587421736906961e+00
-2.075372734153555943e+00;2.885149538492736809e+00
-1.999897712619895351e+00;2.981338559802028776e+00
-2.095204664245708059e+00;2.946621796163612306e+00
-2.063486095088353345e+00;3.080245158917569892e+00
-2.495545110618529794e+00;3.145973504648247321e+00
-1.490818490485116499e+00;3.321750254185126039e+00
-2.283769167937196976e+00;3.313382407113107497e+00
-1.313111644220287477e+00;2.927233122149321076e+00
-1.783690423612131148e+00;3.689814119993877650e+00
-1.690911311721892352e+00;3.465216180360748854e+00
-2.328567666652619828e+00;3.070686257390269791e+00
-1.882409269208464631e+00;3.169286138787870577e+00
-1.763147736078271910e+00;3.046852517177998987e+00
-2.393718240803245578e+00;3.319881724388176192e+00
-1.886341901404566812e+00;2.646415011120041960e+00
-1.772301253751751293e+00;3.165894003739682550e+00
-1.838889635697603442e+00;2.913949437541631937e+00
-1.509678306524029345e+00;3.171367989302566581e+00
-2.236986218042657182e+00;2.537172617868696189e+00
-2.230199654837334844e+00;2.289113012009335701e+00
-2.078167953214137054e+00;3.038687115177598486e+00
-2.362299930416697613e+00;2.836366922749359087e+00
-1.534015204956571177e+00;3.032187400697898827e+00
-1.539396936789560799e+00;2.944514574881689217e+00
-2.053034813997948405e+00;2.340223786401684158e+00
-1.781213375839140856e+00;3.330167472014607277e+00
-2.102710413155969071e+00;2.906908732400977691e+00
-1.756089086601811955e+00;2.779110873031387374e+00
-2.234697295702422704e+00;3.095129449848973202e+00
-2.181875404395444917e+00;3.183317365223894413e+00
-2.276092854574831570e+00;3.452852675739317867e+00
-1.803060894723443885e+00;3.019755353730044334e+00
-2.262089189763785146e+00;2.682673830038253993e+00
-2.269171109204773717e+00;2.570339010258907209e+00
-1.597870904606711218e+00;3.102622451723031194e+00
-1.678811500870050377e+00;3.521719510615878512e+00
-1.608018192962950454e+00;3.134885037448539524e+00
-2.123315133749717809e+00;3.224789866501859947e+00
-1.936658669264240906e+00;2.921804657791004622e+00
-2.154559511286144424e+00;3.323765032917670226e+00
-1.556761164004079490e+00;2.917467382862932723e+00
-2.131102313851058305e+00;3.209450921621956887e+00
-2.190552919560861067e+00;3.181103006087124818e+00
-1.478921118236678822e+00;2.874649669171634336e+00
-1.992646030338680374e+00;3.596907923254540229e+00
-2.111950493894791947e+00;3.042311019464565280e+00
-2.282544642323002027e+00;2.789149621130020851e+00
-2.413651091564201767e+00;3.877574875221195594e+00
-1.828474402636830698e+00;2.986237335238989044e+00
-2.317119287442048758e+00;2.452592081034560056e+00
-1.927478513512238756e+00;2.956454454265476706e+00
-1.849402200842759747e+00;3.207698652324591393e+00
-1.696317487172877669e+00;2.987346866185033090e+00
-1.813396860571192537e+00;2.877739161539427215e+00
-2.255433919584417080e+00;2.898545019374937137e+00
-1.769309677861223395e+00;3.181949300558829741e+00
-2.003783942700252396e+00;3.096728316861327102e+00
-1.517747497246978439e+00;2.459276967451103690e+00
-2.376520368937160566e+00;2.996089872176706859e+00
-1.789892798846845379e+00;2.935418029637844928e+00
-1.729073463539292810e+00;2.097768838666932645e+00
-2.699140177295943577e+00;2.829659013696142811e+00
-1.199803373334747070e+00;2.999979494228484977e+00
-2.672434690341527919e+00;2.891991080152838567e+00
-1.814751835529647694e+00;3.288666714363517318e+00
-1.858835326641569807e+00;2.929258738384882488e+00
-1.796363211736463183e+00;3.346085409474747419e+00
-2.166419841749407826e+00;2.962919771571914218e+00
-2.040829311803053159e+00;2.488337278085819282e+00
-2.377128927272014636e+00;2.304412503647687238e+00
-1.974698622446562357e+00;2.910698024312706078e+00
-2.101709862707156873e+00;2.989678875241132960e+00
-1.844219243420164300e+00;2.798225070699138062e+00
-1.647916632274487814e+00;2.522331153704207463e+00
-2.004094760239733208e+00;2.970496352939286933e+00
-1.745036877526530805e+00;2.851504287028339579e+00
-1.679380742499275270e+00;2.929840076815640959e+00
-2.030541532016072903e+00;2.955276851179848840e+00
-1.790571127258950179e+00;3.255944449335421265e+00
-2.181422238843085282e+00;2.577332711409469290e+00
-2.294330484859487651e+00;3.049554920400590952e+00
-2.004993756653759895e+00;3.042279801214195611e+00
-2.217551639017342868e+00;3.238722244527570293e+00
-2.052931562378291108e+00;2.509969641059224266e+00
-1.953395066055457097e+00;3.164227799498547267e+00
-1.956871906634934044e+00;3.039066293764718818e+00
-1.931848414555981552e+00;2.683881261565039367e+00
-1.540474092672221129e+00;2.902051924876693167e+00
-1.559946448857223888e+00;2.833761339745508590e+00
-1.709997388147940223e+00;3.072053894618238967e+00
-1.969905669909633561e+00;2.718362562934684146e+00
-1.638254433074852079e+00;3.125691603227542803e+00
-2.027075020992672894e+00;3.362212496030400288e+00
-1.973425940781944998e+00;3.662941676787187184e+00
-1.694996864014584492e+00;2.900787277257879104e+00
-1.592485433638698433e+00;3.018256915358357162e+00
-1.398232567887447431e+00;3.024497508953138958e+00
-2.023762809701532550e+00;3.028190489926628093e+00
-1.880147995076613343e+00;3.464793378140355706e+00
-1.912142923807258255e+00;2.967985522498506334e+00
-2.148038006320608595e+00;3.235704388730570980e+00
-2.166303539184059712e+00;2.649350903409803060e+00
-2.282673932091877855e+00;2.860521718684688963e+00
-2.037330311422651086e+00;3.315951620956886003e+00
-2.173173065522886915e+00;3.359138535740328280e+00
-2.491311886144070176e+00;3.790380840251521999e+00
-2.475927177566028092e+00;3.059426111547941307e+00
-2.065274005217453190e+00;2.764405583447120396e+00
-1.797077394636503067e+00;3.317164249258333086e+00
-2.051655833052969502e+00;3.362815473589165993e+00
-1.980782692399130074e+00;2.680866009976600406e+00
-2.023756251741751111e+00;2.841751180113369024e+00
-1.861935568518469086e+00;2.880249932321595097e+00
-2.022254958604799313e+00;2.674392767330540099e+00
-1.679193059562582135e+00;2.893311472961685116e+00
-2.320843133236417888e+00;3.789442290554352333e+00
-2.423892312176611608e+00;3.152229091740633926e+00
-2.649099668301134969e+00;3.092556824892247480e+00
-1.943565943994525647e+00;2.924286609394748382e+00
-2.409063203136389220e+00;2.742440716454116689e+00
-2.241968232350398438e+00;2.647762911242848460e+00
-2.284413753339907593e+00;3.430537767391267590e+00
-1.882637296348020461e+00;3.399248295101641837e+00
-2.296652631116638421e+00;2.870609028691296416e+00
-2.521114866334063009e+00;2.642863280312108376e+00
-2.087333944308673583e+00;2.873818094138199886e+00
-1.466793867343695545e+00;3.032413972041561046e+00
-2.079529965122742130e+00;3.137838777623824793e+00
-1.991936434177282278e+00;2.674288939020645461e+00
-2.188066323188824658e+00;3.419687064788192288e+00
-1.608863689710685385e+00;3.077170595500852812e+00
-1.694154430508205689e+00;3.492842770317693635e+00
-2.132517713665325054e+00;3.055294451939587930e+00
-1.933672729113022681e+00;2.751955940492110120e+00
-1.866070511577641478e+00;2.656896594287407432e+00
-1.969322004448528007e+00;2.919325832448118607e+00
-1.871135864926182224e+00;2.593541635955091795e+00
-2.156329842618156079e+00;3.564949243989953498e+00
-2.040453815268099991e+00;3.020443247453856728e+00
-2.200871415478437676e+00;3.013611278051024023e+00
-1.886068584038300910e+00;2.857330805347493730e+00
-2.074848890113752287e+00;2.950062081994892171e+00
-1.911278768346159396e+00;3.339155200563523440e+00
-2.200797709597296148e+00;3.241794198153285400e+00
-1.758618282765358254e+00;3.076449703602881502e+00
-1.675504474206594763e+00;3.029720508924600875e+00
-1.967655113888758800e+00;2.947934265287428524e+00
-2.081109137461059966e+00;2.936850555292092935e+00
-2.558246352199132101e+00;3.180082096436029016e+00
-2.096676920899763541e+00;2.559340236994003703e+00
-1.708903403832421564e+00;2.707337328618673933e+00
-1.742152359245395354e+00;2.777533208284000299e+00
-1.712333723363008930e+00;3.569676306862948678e+00
-2.478518792038969742e+00;2.923511337473964744e+00
-1.712957433930290430e+00;3.083906720914209032e+00
-1.915491046002965714e+00;3.274681031471045056e+00
-2.236658077049487492e+00;2.615085912214441421e+00
-2.214142945375886296e+00;3.400065648646028116e+00
-2.229171935191665455e+00;2.539512569888444204e+00
-1.652965699557725987e+00;2.846345576566679636e+00
-2.134702627583028978e+00;2.581838293311218280e+00
-1.840883379108145590e+00;3.170389806961354751e+00
-2.165136756756874448e+00;2.641880264444319781e+00
-2.567630005370224566e+00;3.170417487871051154e+00
-1.221051415653933603e+00;3.121296873347895406e+00
-1.817503420202194020e+00;3.043968365345871785e+00
-1.895127018676052932e+00;2.930095062792011706e+00
-1.911743406819965463e+00;2.759697945126466490e+00
-2.372207984698149641e+00;3.033371597336271375e+00
-1.970551326962215466e+00;2.647673267326916324e+00
-2.165429425421296905e+00;2.894978091578128687e+00
-1.785264955027181077e+00;3.047600264681685989e+00
-2.050283023697450524e+00;2.522335234564324402e+00
-1.918876832238121111e+00;3.158759773475263266e+00
-1.340566251144388321e+00;3.133900030793857372e+00
-1.722766791270927689e+00;3.280098163191643046e+00
-2.543810652544975071e+00;2.962614594822533753e+00
-2.050893602552743555e+00;2.862009142498490366e+00
-1.743039861434391602e+00;3.488016232890851498e+00
-2.277340887194577501e+00;2.953201741410938386e+00
-1.872500745868765026e+00;2.766134577801070193e+00
-2.634960852967864753e+00;2.935481092284413673e+00
-2.331227212796650683e+00;2.418462313632469662e+00
-1.729430890739494631e+00;3.490644387084477884e+00
-1.841322125806788002e+00;3.124789178134913303e+00
-1.869775095605806570e+00;2.976717610445115181e+00
-1.865249302465901593e+00;2.960609427755277689e+00
-2.225280494615732962e+00;3.383295535610423954e+00
-1.775371534288924469e+00;3.797181914734252484e+00
-2.245582182523913950e+00;2.566454651639153095e+00
-1.597471042618040515e+00;2.968443133342825835e+00
-1.592963826483959178e+00;3.604204227759642443e+00
-2.411788894516320614e+00;2.742771479718913330e+00
-2.504386535096998934e+00;2.954820403743014356e+00
-2.216319199034241905e+00;2.417735271542831299e+00
-1.970028482123494573e+00;3.384550933478312817e+00
-2.291023820421601798e+00;3.373612964832100047e+00
-1.790938587769880908e+00;2.980634394312740021e+00
-2.317352097494031149e+00;2.859233317108746952e+00
-1.361481355238556734e+00;2.883227761558729618e+00
-1.829116118811730640e+00;2.917710160973510991e+00
-2.329525057298459156e+00;3.206916258588158986e+00
-1.505225527436705013e+00;3.319539792356958063e+00
-1.517286507234056225e+00;3.042905002288368355e+00
-2.000767128561500297e+00;3.158304143158872979e+00
-2.066786377726828938e+00;2.852554494003505248e+00
-2.478151852555863677e+00;3.305511928814642619e+00
-1.985094435219028508e+00;2.519445373923632214e+00
-2.545523211984271228e+00;3.531497000337714631e+00
-1.677319015036027761e+00;3.115020840224155929e+00
-2.440099237985947855e+00;2.920565471165695648e+00
-2.309623703603482792e+00;2.890669475837823299e+00
-2.065062263279145327e+00;2.782415385927403229e+00
-2.418130835160670067e+00;3.221611595338377931e+00
-1.925195919316074589e+00;3.164565533520967477e+00
-1.659530540194237291e+00;3.330884220914617000e+00
-1.501030929860756036e+00;3.277759858826549966e+00
-1.862265216144532554e+00;2.876296365513040687e+00
-2.386919404562808822e+00;3.177077702366110756e+00
-2.087618183614290412e+00;3.599287887115148799e+00
-2.151365892004038827e+00;3.084023549936159903e+00
-1.914600754209291988e+00;2.558029835852528411e+00
-2.229529150409149452e+00;2.404001917565359747e+00
-1.917648913903879038e+00;3.056004228138866186e+00
-1.776871111579734652e+00;2.782443389373550957e+00
-2.317857672239295841e+00;2.903411197535135102e+00
-1.876023208685750676e+00;2.675101761107382181e+00
-1.885445397860991523e+00;3.147075925690221432e+00
-1.753905050555929712e+00;2.892760299394290247e+00
-1.973858675014002362e+00;3.368550568837135106e+00
-2.209990556035803078e+00;2.988526913158021880e+00
-1.398192079946902311e+00;3.091213999955896519e+00
-1.717017878802421738e+00;3.090143511577634783e+00
-1.697919852524272688e+00;3.145404086385487741e+00
-2.065825944728648444e+00;2.927914685141216555e+00
-2.068525884889738986e+00;3.197336514142044450e+00
-1.992688370718274316e+00;2.994978513495765160e+00
-1.975866447414436511e+00;3.082349723618794890e+00
-1.531025713328053817e+00;2.722026090657618802e+00
-1.676428614170795139e+00;2.872133906212233079e+00
-2.100515549539320403e+00;2.955512228605033709e+00
-2.406375385579433868e+00;2.809546701797156931e+00
-2.040761620081258609e+00;2.820968753688155584e+00
-1.610875514022430011e+00;2.752755819358364331e+00
-2.050175770880969139e+00;2.818790074308090254e+00
-1.624612300159998135e+00;2.597140014252330431e+00
-1.875424762205610385e+00;3.359060923158857737e+00
-1.577688851275091286e+00;3.053066178437569889e+00
-1.481500426470303777e+00;2.714494933827964918e+00
-2.165473006278767709e+00;2.838264169541659498e+00
-1.922818592150356665e+00;2.365820415397277277e+00
-1.715440123345263412e+00;3.369382825961798389e+00
-2.086455959486567480e+00;3.377459081098193927e+00
-1.827873140486884873e+00;2.706937607702376347e+00
-2.207308857177086470e+00;2.847812565435183796e+00
-1.901374077158517473e+00;3.282176178996827787e+00
-1.798397895852460238e+00;2.813917325030293348e+00
-1.966145110010816266e+00;2.816038856210683949e+00
-1.525318794945246026e+00;2.884668571219720867e+00
-2.020212499575598564e+00;2.914976997253602597e+00
-2.359855384291269065e+00;2.976289596776821700e+00
-1.753438097990200895e+00;2.948774918433514802e+00
-2.495309218192010459e+00;2.937412300951688593e+00
-2.213284120830315338e+00;3.015704056145772860e+00
-1.710392099309263392e+00;2.789937456335235044e+00
-2.046652263476093303e+00;3.013908425006185166e+00
-2.428302623610650190e+00;3.105880146077289794e+00
-2.088247587216119250e+00;2.713106400872357771e+00
-2.403731980148636094e+00;2.987250567061930706e+00
-1.753849380882062103e+00;3.147298551808912048e+00
-2.353412696965067497e+00;2.897676237139197308e+00
-1.862395962187126663e+00;3.357842593518621133e+00
-1.547715342005189676e+00;3.064778975332532518e+00
-1.677139902938707516e+00;2.580193208764550050e+00
-1.847413179215644741e+00;3.477727712200415766e+00
-2.012432804423298194e+00;3.412782473777414616e+00
-1.593318761441234743e+00;3.187597553587636412e+00
-1.497349473049420343e+00;2.912941160688838238e+00
-2.068698624526821295e+00;3.457393929239885200e+00
-1.883241547801514981e+00;2.627116708354086061e+00
-1.991870307062205248e+00;3.893992851527595889e+00
-2.710641035789946862e+00;3.396658247460240698e+00
-2.152602575565161658e+00;3.158531629594835799e+00
-1.752434983300869220e+00;2.595470519684019095e+00
-2.467437243050674134e+00;2.739040357230547951e+00
-2.029351499869187503e+00;2.495249655422079105e+00
-1.803122132443883530e+00;3.177669505088640989e+00
-1.910499474423696942e+00;3.067435397901167704e+00
-2.395663372851922102e+00;2.905228669252005957e+00
-1.987496745532369546e+00;3.232055220111420546e+00
-1.960705488328801316e+00;3.500147765538106359e+00
-1.812665804224870225e+00;3.016368415411498027e+00
-1.864280174568891280e+00;3.484438913725807829e+00
-2.338052256610560153e+00;2.891974764428707712e+00
-2.104907307333188093e+00;2.798772445120626617e+00
-2.286974002644387660e+00;3.179381761800334605e+00
-2.137032318143862852e+00;3.183328783765474235e+00
-2.138136114817525080e+00;2.621394236857067739e+00
-1.640585817608527730e+00;3.539523624578194916e+00
-1.932596343417924967e+00;3.156925597691158103e+00
-1.478969886829526237e+00;3.152596046478870040e+00
-1.650488346115995597e+00;3.213936094959780831e+00
-1.604006928837256929e+00;3.093332825191436708e+00
-1.910320286137366708e+00;3.182601809801996140e+00
-2.404863906762961356e+00;2.738005098374816093e+00
-1.591687446231741410e+00;3.426196428269172145e+00
-1.870887750921549131e+00;2.714402496824032340e+00
-1.639169641815718226e+00;3.023977879504896382e+00
-2.351078345613813791e+00;3.185862847275806153e+00
-1.732253298632998595e+00;3.262834429837564887e+00
-2.092874273654136363e+00;2.844118728269447782e+00
-2.392061492841107917e+00;3.455879655956156427e+00
-1.936141583852927672e+00;3.469949364266581071e+00
-2.077671620276822395e+00;3.513446696369984856e+00
-2.546244859737601729e+00;3.049048355054406745e+00
-2.243935106849948458e+00;2.818393626109376715e+00
-2.398257141435025108e+00;2.806748515550561596e+00
-1.427334969438437406e+00;2.830936407089520657e+00
-1.675258233805924091e+00;2.414426751509883839e+00
-1.267635152205041305e+00;2.994814474239814395e+00
-1.726315391728515003e+00;3.371897549211698930e+00
-2.172010220170157879e+00;3.127466846060650951e+00
-2.081378004569577111e+00;2.794929736532448139e+00
-2.461231282971056977e+00;2.969587671617385904e+00
-1.776000284774594817e+00;3.278754543050201864e+00
-1.931174597707314700e+00;3.124321763015092124e+00
